,geneSymbol,prob,probSD,SNR,pval_prob,qval_prob,pval_MutSig,qval_MutSig,protLength,uniquePosNdMAF,uniquePosNdMAFtumor,uniquePosNExactMatch,uniquePosNExactMatchtumor,casesN,SNRcorrected,MutSigPass,probPass,tumorType
1,ACTN1,0.5,0.351827774,1.421149882,0.037248138,0.065900551,0.9097721,1,892,31,2,2,1,2,1.421149882,0,0,BLCA
2,CTNNB1,1,0,Inf,0.000349983,0.002683199,0.5449774,1,781,61,3,5,3,3,15.17705019,0,1,BLCA
3,DYSF,0.333333333,0.278369939,1.197447304,0.024348783,0.065900551,0.9859428,1,2080,148,3,1,1,3,1.197447304,0,0,BLCA
4,FGFR3,0.764705882,0.106689093,7.167610702,0.000134928,0.001551678,0.000202227,0.2243767,806,40,7,5,3,13,7.167610702,0,1,BLCA
5,HRAS,0.6,0.218364015,2.747705483,0.060946953,0.077876662,0.0225595,1,189,8,4,2,2,5,2.747705483,0,0,BLCA
6,MYO7A,0.25,0.217442593,1.149728747,0.032248388,0.065900551,0.9999283,1,2215,75,4,2,1,4,1.149728747,0,0,BLCA
7,NR3C2,0.5,0.372233203,1.343243955,0.03579821,0.065900551,0.8969449,1,984,59,2,3,1,2,1.343243955,0,0,BLCA
8,NRAS,0.5,0.355001445,1.408444971,0.175891205,0.18388626,0.1778445,1,189,13,2,1,1,2,1.408444971,0,0,BLCA
9,PIK3CA,0.791666667,0.085721849,9.235296209,4.39E-05,0.001008639,5.20E-05,0.07541333,1068,85,9,13,4,24,9.235296209,0,1,BLCA
10,RB1,0.076923077,0.076939399,0.999787855,0.202839858,0.202839858,3.90E-12,1.47E-08,928,113,11,1,1,12,0.999787855,1,0,BLCA
11,SEMA3A,0.25,0.219170677,1.140663537,0.085895705,0.103979012,0.2232416,1,771,73,4,2,1,4,1.140663537,0,0,BLCA
12,SOS1,0.5,0.255663453,1.955696028,0.002299885,0.013224339,0.7337451,1,1333,77,4,5,2,3,1.955696028,0,0,BLCA
13,TGM1,0.333333333,0.276616994,1.205035629,0.060146993,0.077876662,0.6946343,1,817,39,3,3,1,3,1.205035629,0,0,BLCA
14,TP53,0.403508772,0.065888957,6.124072885,0.112894355,0.123646199,4.44E-16,7.33E-12,393,235,32,34,9,50,6.124072885,1,0,BLCA
15,TP63,0.25,0.221014219,1.131148945,0.09699515,0.111544423,0.01519109,1,680,70,4,2,1,4,1.131148945,0,0,BLCA
16,ARID1A,NA,NA,NA,NA,NA,1.89E-15,9.42E-12,NA,NA,NA,NA,NA,NA,NA,1,0,BLCA
17,CDKN1A,NA,NA,NA,NA,NA,2.00E-15,9.42E-12,NA,NA,NA,NA,NA,NA,NA,1,0,BLCA
18,FBXW7,NA,NA,NA,NA,NA,1.52E-05,0.0293228,NA,NA,NA,NA,NA,NA,NA,1,0,BLCA
19,CDKN2A,NA,NA,NA,NA,NA,1.55E-05,0.0293228,NA,NA,NA,NA,NA,NA,NA,1,0,BLCA
20,HLA-A,NA,NA,NA,NA,NA,2.70E-05,0.04629204,NA,NA,NA,NA,NA,NA,NA,1,0,BLCA
21,ACADVL,0.25,0.212360624,1.177242728,0.063896805,0.07540123,0.664505,1,655,22,4,2,1,4,1.177242728,0,0,BRCA
22,ACTA2,1,0,Inf,0.00319984,0.03519824,0.7797104,1,377,23,2,2,2,2,45.92806747,0,1,BRCA
23,AKT1,0.916666667,0.077802397,11.78198494,0.021048948,0.061427698,0.7918961,1,480,15,2,1,1,12,11.78198494,0,1,BRCA
24,CBS,0.5,0.355119853,1.407975351,0.039098045,0.066986651,0.9156808,1,551,26,2,3,1,2,1.407975351,0,0,BRCA
25,COL1A1,0.142857143,0.129792964,1.100653982,0.048897555,0.070157362,0.5976333,1,1464,93,7,2,1,5,1.100653982,0,0,BRCA
26,COL1A2,0.166666667,0.154536829,1.078491563,0.04359782,0.06851086,0.3678557,1,1366,152,6,6,1,6,1.078491563,0,0,BRCA
27,CPS1,0.142857143,0.13407863,1.065472868,0.048497575,0.070157362,0.4660695,1,1500,150,7,8,1,7,1.065472868,0,0,BRCA
28,DNAL1,0.5,0.346161202,1.444413751,0.111044448,0.111044448,0.1714301,1,190,11,2,1,1,2,1.444413751,0,0,BRCA
29,FGFR2,0.571428571,0.187130582,3.053635415,0.011899405,0.061427698,0.06856216,1,821,70,4,5,1,7,3.053635415,0,1,BRCA
30,HNF1A,0.2,0.181806748,1.100069178,0.067296635,0.07540123,0.5976459,1,631,32,4,3,1,5,1.100069178,0,0,BRCA
31,KCNA1,0.25,0.215887952,1.158008116,0.083345833,0.088722983,0.0590925,1,495,14,4,1,1,4,1.158008116,0,0,BRCA
32,KRAS,1,0,Inf,0.05779711,0.074373204,0.01189561,1,189,20,1,4,1,5,45.92806747,0,0,BRCA
33,KRT17,0.25,0.217506889,1.149388882,0.096245188,0.09925285,0.9735239,1,432,23,4,1,1,4,1.149388882,0,0,BRCA
34,LRRK2,0.166666667,0.143660381,1.160143568,0.02419879,0.061427698,0.9645292,1,2527,175,6,2,1,6,1.160143568,0,0,BRCA
35,MPI,0.5,0.352396344,1.418856945,0.051047448,0.07019024,0.6738807,1,423,17,2,3,1,2,1.418856945,0,0,BRCA
36,NPC1,0.2,0.173150169,1.155066734,0.040497975,0.066986651,0.5371764,1,1278,58,5,6,1,5,1.155066734,0,0,BRCA
37,PIK3CA,0.787535411,0.021773178,36.16997948,1.00E-04,0.001649918,0,0,1068,85,35,13,10,322,36.16997948,1,1,BRCA
38,POLE,0.142857143,0.130993442,1.09056714,0.033098345,0.066986651,0.9997044,1,2286,120,7,1,1,7,1.09056714,0,0,BRCA
39,POLR3B,0.5,0.350489076,1.426577984,0.017849108,0.061427698,0.9999926,1,1133,62,2,1,1,2,1.426577984,0,0,BRCA
40,PTEN,0.192307692,0.077993999,2.465672943,0.068546573,0.07540123,0,0,403,193,23,14,4,25,2.465672943,1,0,BRCA
41,RET,0.5,0.349083958,1.432320188,0.018899055,0.061427698,0.7799066,1,1114,60,2,2,1,2,1.432320188,0,0,BRCA
42,RUNX2,0.333333333,0.269259996,1.23796085,0.05859707,0.074373204,0.2192758,1,521,46,3,3,1,3,1.23796085,0,0,BRCA
43,SCN4A,0.25,0.212461502,1.176683764,0.022948853,0.061427698,1,1,1836,94,4,3,1,4,1.176683764,0,0,BRCA
44,STAT3,0.333333333,0.264586481,1.259827531,0.04039798,0.066986651,0.7117275,1,770,42,3,1,1,3,1.259827531,0,0,BRCA
45,TGM1,0.333333333,0.272511848,1.223188409,0.04059797,0.066986651,0.335511,1,817,39,3,3,1,3,1.223188409,0,0,BRCA
46,TP53,0.487455197,0.029994433,16.25152232,1.32E-05,0.000434039,0,0,393,235,100,34,25,275,16.25152232,1,1,BRCA
47,ANXA13,NA,NA,NA,NA,NA,0,0,NA,NA,NA,NA,NA,NA,NA,1,0,BRCA
48,AXIN1,NA,NA,NA,NA,NA,0,0,NA,NA,NA,NA,NA,NA,NA,1,0,BRCA
49,CASP8,NA,NA,NA,NA,NA,0,0,NA,NA,NA,NA,NA,NA,NA,1,0,BRCA
50,CCDC85A,NA,NA,NA,NA,NA,0,0,NA,NA,NA,NA,NA,NA,NA,1,0,BRCA
51,CDH1,NA,NA,NA,NA,NA,0,0,NA,NA,NA,NA,NA,NA,NA,1,0,BRCA
52,CDKN1B,NA,NA,NA,NA,NA,0,0,NA,NA,NA,NA,NA,NA,NA,1,0,BRCA
53,CTCF,NA,NA,NA,NA,NA,0,0,NA,NA,NA,NA,NA,NA,NA,1,0,BRCA
54,DDAH1,NA,NA,NA,NA,NA,0,0,NA,NA,NA,NA,NA,NA,NA,1,0,BRCA
55,DEAF1,NA,NA,NA,NA,NA,0,0,NA,NA,NA,NA,NA,NA,NA,1,0,BRCA
56,FAM169A,NA,NA,NA,NA,NA,0,0,NA,NA,NA,NA,NA,NA,NA,1,0,BRCA
57,FZD2,NA,NA,NA,NA,NA,0,0,NA,NA,NA,NA,NA,NA,NA,1,0,BRCA
58,GATA3,NA,NA,NA,NA,NA,0,0,NA,NA,NA,NA,NA,NA,NA,1,0,BRCA
59,HS6ST1,NA,NA,NA,NA,NA,0,0,NA,NA,NA,NA,NA,NA,NA,1,0,BRCA
60,HYAL2,NA,NA,NA,NA,NA,0,0,NA,NA,NA,NA,NA,NA,NA,1,0,BRCA
61,IL27RA,NA,NA,NA,NA,NA,0,0,NA,NA,NA,NA,NA,NA,NA,1,0,BRCA
62,MAP2K4,NA,NA,NA,NA,NA,0,0,NA,NA,NA,NA,NA,NA,NA,1,0,BRCA
63,MAP3K1,NA,NA,NA,NA,NA,0,0,NA,NA,NA,NA,NA,NA,NA,1,0,BRCA
64,PTHLH,NA,NA,NA,NA,NA,0,0,NA,NA,NA,NA,NA,NA,NA,1,0,BRCA
65,RAD54L,NA,NA,NA,NA,NA,0,0,NA,NA,NA,NA,NA,NA,NA,1,0,BRCA
66,RPL5,NA,NA,NA,NA,NA,0,0,NA,NA,NA,NA,NA,NA,NA,1,0,BRCA
67,RUNX1,NA,NA,NA,NA,NA,0,0,NA,NA,NA,NA,NA,NA,NA,1,0,BRCA
68,TCF4,NA,NA,NA,NA,NA,0,0,NA,NA,NA,NA,NA,NA,NA,1,0,BRCA
69,TCTN1,NA,NA,NA,NA,NA,0,0,NA,NA,NA,NA,NA,NA,NA,1,0,BRCA
70,THEM5,NA,NA,NA,NA,NA,0,0,NA,NA,NA,NA,NA,NA,NA,1,0,BRCA
71,TPST1,NA,NA,NA,NA,NA,0,0,NA,NA,NA,NA,NA,NA,NA,1,0,BRCA
72,ARID1A,NA,NA,NA,NA,NA,1.08E-10,2.21E-08,NA,NA,NA,NA,NA,NA,NA,1,0,BRCA
73,TBX3,NA,NA,NA,NA,NA,3.33E-10,6.76E-08,NA,NA,NA,NA,NA,NA,NA,1,0,BRCA
74,NCOR1,NA,NA,NA,NA,NA,1.15E-07,2.30E-05,NA,NA,NA,NA,NA,NA,NA,1,0,BRCA
75,TBL1XR1,NA,NA,NA,NA,NA,1.38E-05,0.002745893,NA,NA,NA,NA,NA,NA,NA,1,0,BRCA
76,ACTG1,NA,NA,NA,NA,NA,5.83E-05,0.01121141,NA,NA,NA,NA,NA,NA,NA,1,0,BRCA
77,POM121,NA,NA,NA,NA,NA,7.84E-05,0.01478995,NA,NA,NA,NA,NA,NA,NA,1,0,BRCA
78,FRG1,NA,NA,NA,NA,NA,0.000133375,0.02461214,NA,NA,NA,NA,NA,NA,NA,1,0,BRCA
79,FAM86B1,NA,NA,NA,NA,NA,0.0001344,0.02461214,NA,NA,NA,NA,NA,NA,NA,1,0,BRCA
80,HRNR,NA,NA,NA,NA,NA,0.000238663,0.04243602,NA,NA,NA,NA,NA,NA,NA,1,0,BRCA
81,WSCD2,NA,NA,NA,NA,NA,0.00024073,0.04243602,NA,NA,NA,NA,NA,NA,NA,1,0,BRCA
82,AQP2,0.5,0.361757679,1.382140666,0.17939103,0.17939103,0.06223795,1,271,3,2,3,1,2,1.382140666,0,0,CESC
83,BBS12,0.5,0.359277163,1.391683221,0.07159642,0.10739463,0.1665333,1,710,29,2,3,1,2,1.391683221,0,0,CESC
84,PIK3CA,0.909090909,0.085273253,10.66091505,0.00019999,0.00179991,6.78E-05,0.4263974,1068,85,4,13,3,9,10.66091505,0,1,CESC
85,SCN5A,0.25,0.215887807,1.158008893,0.049447528,0.10739463,0.8680955,1,2016,112,4,12,1,4,1.158008893,0,0,CESC
86,ABCA12,0.03030303,0.03099765,0.977591199,0.12419379,0.146893989,NA,1,2595,169,33,3,1,22,0.977591199,0,0,COAD/READ
87,ABCA4,0.166666667,0.108418032,1.537259651,0.00299985,0.0377124,NA,1,2273,131,12,8,2,9,1.537259651,0,0,COAD/READ
88,ABCC9,0.1,0.095541814,1.046662144,0.065096745,0.125852041,NA,1,1549,152,10,2,1,6,1.046662144,0,0,COAD/READ
89,ADSL,0.142857143,0.133284296,1.071822769,0.143942803,0.158337083,NA,1,484,30,7,4,1,7,1.071822769,0,0,COAD/READ
90,ALDH3A2,0.25,0.224973444,1.111242267,0.081045948,0.132889652,NA,1,485,19,4,1,1,4,1.111242267,0,0,COAD/READ
91,ATP2A1,0.166666667,0.157795171,1.056221592,0.06079696,0.12339383,NA,1,1001,48,6,1,1,4,1.056221592,0,0,COAD/READ
92,BBS12,0.25,0.217669773,1.148528785,0.055047248,0.121873906,NA,1,710,29,4,3,1,4,1.148528785,0,0,COAD/READ
93,BICD2,0.166666667,0.152273031,1.09452518,0.061696915,0.12339383,NA,1,824,43,5,1,1,5,1.09452518,0,0,COAD/READ
94,BRAF,0.869565217,0.072135777,12.05456232,0.01259937,0.069296535,NA,0.6778567,766,53,4,5,1,22,12.05456232,0,0,COAD/READ
95,CACNA1A,0.176470588,0.092623402,1.90524839,0.000849958,0.018332417,NA,1,2505,107,15,3,2,10,1.90524839,0,0,COAD/READ
96,CAPN3,0.333333333,0.200234542,1.664714443,0.005049748,0.050353038,NA,1,821,46,6,5,2,6,1.664714443,0,0,COAD/READ
97,CBS,0.5,0.357048293,1.40037079,0.0359982,0.11565136,NA,1,551,26,2,3,1,2,1.40037079,0,0,COAD/READ
98,CHRNE,0.2,0.179296702,1.115469487,0.10499475,0.139429648,NA,1,493,15,5,2,1,5,1.115469487,0,0,COAD/READ
99,COL1A1,0.090909091,0.086094359,1.055923893,0.074296285,0.129146484,NA,1,1464,93,11,2,1,8,1.055923893,0,0,COAD/READ
100,COL2A1,0.111111111,0.102783466,1.081021247,0.060096995,0.12339383,NA,1,1487,76,9,3,1,9,1.081021247,0,0,COAD/READ
101,CPS1,0.076923077,0.074986163,1.025830279,0.081245938,0.132889652,NA,1,1500,150,13,8,1,10,1.025830279,0,0,COAD/READ
102,CRB1,0.2,0.123799541,1.615514876,0.005149743,0.050353038,NA,1,1406,114,10,4,2,8,1.615514876,0,0,COAD/READ
103,CTNNB1,0.083333333,0.079205007,1.052122036,0.15219239,0.160898932,NA,0.05426173,781,61,12,5,1,11,1.052122036,0,0,COAD/READ
104,CTSC,0.166666667,0.149509263,1.114758132,0.130543473,0.1511556,NA,1,463,19,6,1,1,6,1.114758132,0,0,COAD/READ
105,DHODH,0.25,0.219255725,1.140221081,0.09719514,0.133643318,NA,1,395,14,4,1,1,4,1.140221081,0,0,COAD/READ
106,EDNRB,0.083333333,0.080607358,1.033817947,0.244387781,0.244387781,NA,1,442,43,11,1,1,10,1.033817947,0,0,COAD/READ
107,EIF2B5,0.2,0.183708761,1.088679706,0.068096595,0.125852041,NA,1,721,30,5,1,1,5,1.088679706,0,0,COAD/READ
108,ERCC2,0.25,0.220332241,1.134650105,0.05379731,0.121873906,NA,1,760,30,4,1,1,4,1.134650105,0,0,COAD/READ
109,F5,0.047619048,0.049066125,0.970507616,0.094895255,0.132901291,NA,1,2224,172,21,1,1,14,0.970507616,0,0,COAD/READ
110,F7,0.333333333,0.279215698,1.193820176,0.06759662,0.125852041,NA,1,466,18,3,2,1,3,1.193820176,0,0,COAD/READ
111,FBN1,0.090909091,0.048856938,1.860720183,0.001249938,0.018332417,NA,1,2871,180,33,7,3,16,1.860720183,0,0,COAD/READ
112,GCDH,0.2,0.183284569,1.091199336,0.109544523,0.139429648,NA,1,438,29,5,2,1,4,1.091199336,0,0,COAD/READ
113,GJA1,0.428571429,0.174868018,2.450827964,0.008949553,0.05625433,NA,1,382,33,6,3,2,5,2.450827964,0,1,COAD/READ
114,GLB1,1,0,Inf,0.001049948,0.018332417,NA,1,677,28,2,5,2,2,56.5383931,0,1,COAD/READ
115,GNAO1,0.2,0.178273783,1.121869953,0.138043098,0.15776354,NA,1,354,24,5,1,1,5,1.121869953,0,0,COAD/READ
116,GRIN2A,0.045454545,0.042637015,1.066081802,0.1479926,0.158821327,NA,1,1464,170,22,5,1,19,1.066081802,0,0,COAD/READ
117,HMBS,0.5,0.359592905,1.390461251,0.054047298,0.121873906,NA,1,361,16,2,2,1,2,1.390461251,0,0,COAD/READ
118,HNF1A,0.5,0.350231941,1.427625358,0.03179841,0.113514324,NA,1,631,32,2,3,1,2,1.427625358,0,0,COAD/READ
119,HSD3B7,0.5,0.356820783,1.401263671,0.054647268,0.121873906,NA,1,369,16,2,1,1,2,1.401263671,0,0,COAD/READ
120,IDH2,0.142857143,0.132235166,1.080326413,0.155692215,0.160898932,NA,1,452,16,7,1,1,7,1.080326413,0,0,COAD/READ
121,KCNE1,0.333333333,0.273612413,1.218268314,0.232938353,0.235615805,NA,1,129,12,3,1,1,3,1.218268314,0,0,COAD/READ
122,KIF5A,0.1,0.095491511,1.047213508,0.095145243,0.132901291,NA,1,1032,41,10,3,1,6,1.047213508,0,0,COAD/READ
123,KLKB1,0.142857143,0.134411815,1.06283174,0.106544673,0.139429648,NA,1,638,45,7,1,1,5,1.06283174,0,0,COAD/READ
124,KRAS,0.8125,0.040251126,20.18577073,0.006849658,0.050964118,NA,4.19E-12,189,20,8,4,2,96,20.18577073,1,1,COAD/READ
125,LRP5,0.4,0.218585497,1.829947572,0.000699965,0.018332417,NA,1,1615,65,5,2,2,5,1.829947572,0,0,COAD/READ
126,MEFV,0.5,0.351854447,1.421042152,0.024248788,0.101613967,NA,1,781,59,2,4,1,2,1.421042152,0,0,COAD/READ
127,MUTYH,0.5,0.359728237,1.38993815,0.03679816,0.11565136,NA,1,546,24,2,1,1,2,1.38993815,0,0,COAD/READ
128,MYOT,0.125,0.116025695,1.077347563,0.157142143,0.160898932,NA,1,498,22,8,2,1,6,1.077347563,0,0,COAD/READ
129,NF1,0.090909091,0.08787474,1.034530413,0.039048048,0.117767445,NA,1,2839,234,11,4,1,8,1.034530413,0,0,COAD/READ
130,NOTCH3,0.071428571,0.069493303,1.027848277,0.05959702,0.12339383,NA,1,2321,114,14,4,1,13,1.027848277,0,0,COAD/READ
131,NPC1,0.285714286,0.169997302,1.680698941,0.007849608,0.053135805,NA,1,1278,58,6,6,1,6,1.680698941,0,0,COAD/READ
132,NR3C2,0.1,0.097735675,1.02316784,0.09159542,0.132901291,NA,1,984,59,9,3,1,10,1.02316784,0,0,COAD/READ
133,NRAS,0.1,0.067855596,1.473717809,0.157242138,0.160898932,NA,0.0806786,189,13,5,1,1,20,1.473717809,0,0,COAD/READ
134,PHKG2,0.333333333,0.265469242,1.255638247,0.07319634,0.129146484,NA,1,406,17,3,1,1,3,1.255638247,0,0,COAD/READ
135,PIK3CA,0.698113208,0.062418414,11.1844112,0,0,NA,0,1068,85,20,13,9,45,11.1844112,1,1,COAD/READ
136,PKHD1,0.021276596,0.021041004,1.011196795,0.112494375,0.139429648,NA,1,4074,194,47,4,1,26,1.011196795,0,0,COAD/READ
137,PROS1,0.166666667,0.151129658,1.102805822,0.089295535,0.132901291,NA,1,676,72,6,2,1,4,1.102805822,0,0,COAD/READ
138,PRPH2,0.25,0.207160966,1.206791054,0.117144143,0.143176175,NA,1,346,21,4,1,1,4,1.206791054,0,0,COAD/READ
139,PTEN,0.416666667,0.145238036,2.868853626,0.011299435,0.066290019,NA,8.78E-08,403,193,9,14,2,8,2.868853626,1,0,COAD/READ
140,PTPN11,0.4,0.212975582,1.878149579,0.006949653,0.050964118,NA,1,597,43,5,7,2,5,1.878149579,0,0,COAD/READ
141,RAF1,0.333333333,0.191331364,1.742178206,0.016649168,0.08139593,NA,1,648,27,5,2,1,5,1.742178206,0,0,COAD/READ
142,RAG1,0.1,0.096686857,1.034266734,0.093445328,0.132901291,NA,1,1043,77,10,4,1,9,1.034266734,0,0,COAD/READ
143,RDH12,0.333333333,0.279013468,1.194685461,0.094845258,0.132901291,NA,1,316,16,3,2,1,3,1.194685461,0,0,COAD/READ
144,RNF135,0.5,0.361757679,1.382140666,0.04679766,0.121873906,NA,1,432,10,2,1,1,2,1.382140666,0,0,COAD/READ
145,RUNX1,0.333333333,0.270657286,1.231569777,0.068646568,0.125852041,NA,1,453,44,3,1,1,3,1.231569777,0,0,COAD/READ
146,RYR2,0.016949153,0.017687096,0.958277849,0.11159442,0.139429648,NA,1,4967,623,59,4,1,29,0.958277849,0,0,COAD/READ
147,SAMHD1,0.2,0.186416714,1.072865173,0.081545923,0.132889652,NA,1,626,44,5,1,1,5,1.072865173,0,0,COAD/READ
148,SCN4A,0.071428571,0.065991556,1.082389558,0.074846258,0.129146484,NA,1,1836,94,14,3,1,11,1.082389558,0,0,COAD/READ
149,SCN5A,0.125,0.081492429,1.533884819,0.014949253,0.077384366,NA,1,2016,112,15,12,2,12,1.533884819,0,0,COAD/READ
150,SEC23B,0.5,0.359144797,1.392196141,0.025848708,0.10339483,NA,1,767,40,2,2,1,2,1.392196141,0,0,COAD/READ
151,SLC12A3,0.2,0.178845592,1.118283084,0.046047698,0.121873906,NA,1,1021,36,5,3,1,5,1.118283084,0,0,COAD/READ
152,SLC26A4,0.25,0.218197268,1.145752203,0.050447478,0.121873906,NA,1,780,37,4,1,1,3,1.145752203,0,0,COAD/READ
153,SLC37A4,0.5,0.351697941,1.421674517,0.044247788,0.121873906,NA,1,429,13,2,2,1,2,1.421674517,0,0,COAD/READ
154,SLC3A1,0.25,0.219478748,1.139062447,0.05539723,0.121873906,NA,1,685,31,4,2,1,4,1.139062447,0,0,COAD/READ
155,SLC45A2,0.2,0.181409342,1.102479056,0.092045398,0.132901291,NA,1,530,37,5,2,1,4,1.102479056,0,0,COAD/READ
156,SLC7A9,0.166666667,0.15191068,1.097135941,0.120843958,0.145674908,NA,1,487,25,6,2,1,6,1.097135941,0,0,COAD/READ
157,SMAD4,0.24137931,0.080544039,2.996861248,0.019349033,0.085575721,NA,0,552,55,21,1,1,25,2.996861248,1,0,COAD/READ
158,TECTA,0.04,0.041958385,0.95332553,0.110944453,0.139429648,NA,1,2155,133,24,1,1,20,0.95332553,0,0,COAD/READ
159,TGFBR1,0.333333333,0.158348187,2.105065681,0.005899705,0.050964118,NA,1,503,24,8,2,2,7,2.105065681,0,1,COAD/READ
160,TGFBR2,0.041666667,0.039803959,1.046797033,0.12519374,0.146893989,NA,1,567,46,7,3,1,23,1.046797033,0,0,COAD/READ
161,TGM1,0.333333333,0.275815693,1.208536504,0.03659817,0.11565136,NA,1,817,39,3,3,1,3,1.208536504,0,0,COAD/READ
162,TNNT2,0.333333333,0.268823444,1.23997122,0.102094895,0.138220781,NA,1,298,20,3,1,1,3,1.23997122,0,0,COAD/READ
163,TOR1A,0.2,0.180420485,1.108521571,0.146692665,0.158821327,NA,1,332,15,5,1,1,5,1.108521571,0,0,COAD/READ
164,TP53,0.619834711,0.044465061,13.93981459,0.00019999,0.00879956,NA,0,393,235,58,34,20,119,13.93981459,1,1,COAD/READ
165,TP63,0.1,0.092745845,1.078215416,0.143892805,0.158337083,NA,1,680,70,10,2,1,9,1.078215416,0,0,COAD/READ
166,TRPS1,0.052631579,0.049509194,1.063066768,0.140242988,0.158222858,NA,1,1281,118,18,1,1,17,1.063066768,0,0,COAD/READ
167,UBIAD1,1,0,Inf,0.032248388,0.113514324,NA,1,338,15,1,1,1,2,56.5383931,0,0,COAD/READ
168,USH2A,0.019230769,0.018433219,1.043266996,0.09319534,0.132901291,NA,1,5202,508,50,5,1,26,1.043266996,0,0,COAD/READ
169,WDR62,0.166666667,0.152486163,1.092995349,0.040147993,0.117767445,NA,1,1518,69,6,1,1,6,1.092995349,0,0,COAD/READ
170,APC,NA,NA,NA,NA,NA,NA,4.19E-12,NA,NA,NA,NA,NA,NA,NA,1,0,COAD/READ
171,ARID1A,NA,NA,NA,NA,NA,NA,0.0284789,NA,NA,NA,NA,NA,NA,NA,1,0,COAD/READ
172,ATXN1,NA,NA,NA,NA,NA,NA,2.19E-06,NA,NA,NA,NA,NA,NA,NA,1,0,COAD/READ
173,B2M,NA,NA,NA,NA,NA,NA,0.000134045,NA,NA,NA,NA,NA,NA,NA,1,0,COAD/READ
174,BCL9,NA,NA,NA,NA,NA,NA,0.006560622,NA,NA,NA,NA,NA,NA,NA,1,0,COAD/READ
175,CACNA1B,NA,NA,NA,NA,NA,NA,0.002510826,NA,NA,NA,NA,NA,NA,NA,1,0,COAD/READ
176,COL18A1,NA,NA,NA,NA,NA,NA,1.33E-05,NA,NA,NA,NA,NA,NA,NA,1,0,COAD/READ
177,CRTC1,NA,NA,NA,NA,NA,NA,0.04539712,NA,NA,NA,NA,NA,NA,NA,1,0,COAD/READ
178,CTSA,NA,NA,NA,NA,NA,NA,0.0369486,NA,NA,NA,NA,NA,NA,NA,1,0,COAD/READ
179,FBXW7,NA,NA,NA,NA,NA,NA,2.31E-06,NA,NA,NA,NA,NA,NA,NA,1,0,COAD/READ
180,HLA-B,NA,NA,NA,NA,NA,NA,0.04539712,NA,NA,NA,NA,NA,NA,NA,1,0,COAD/READ
181,HNRNPL,NA,NA,NA,NA,NA,NA,0.000636908,NA,NA,NA,NA,NA,NA,NA,1,0,COAD/READ
182,IRF5,NA,NA,NA,NA,NA,NA,1.51E-06,NA,NA,NA,NA,NA,NA,NA,1,0,COAD/READ
183,KCNN3,NA,NA,NA,NA,NA,NA,1.59E-11,NA,NA,NA,NA,NA,NA,NA,1,0,COAD/READ
184,NEFH,NA,NA,NA,NA,NA,NA,3.41E-08,NA,NA,NA,NA,NA,NA,NA,1,0,COAD/READ
185,PHF2,NA,NA,NA,NA,NA,NA,0.004185797,NA,NA,NA,NA,NA,NA,NA,1,0,COAD/READ
186,PPM1E,NA,NA,NA,NA,NA,NA,9.79E-10,NA,NA,NA,NA,NA,NA,NA,1,0,COAD/READ
187,RALY,NA,NA,NA,NA,NA,NA,3.00E-07,NA,NA,NA,NA,NA,NA,NA,1,0,COAD/READ
188,RNF43,NA,NA,NA,NA,NA,NA,1.24E-11,NA,NA,NA,NA,NA,NA,NA,1,0,COAD/READ
189,SLC5A10,NA,NA,NA,NA,NA,NA,0.02607623,NA,NA,NA,NA,NA,NA,NA,1,0,COAD/READ
190,SOX9,NA,NA,NA,NA,NA,NA,7.21E-12,NA,NA,NA,NA,NA,NA,NA,1,0,COAD/READ
191,TBP,NA,NA,NA,NA,NA,NA,8.49E-06,NA,NA,NA,NA,NA,NA,NA,1,0,COAD/READ
192,TCF7L2,NA,NA,NA,NA,NA,NA,0.000670778,NA,NA,NA,NA,NA,NA,NA,1,0,COAD/READ
193,ATL1,0.5,0.35441446,1.410777652,0.067046648,0.096547173,0.1602396,1,558,22,2,1,1,2,1.410777652,0,0,GBM
194,BRAF,0.833333333,0.153641068,5.423897033,0.022548873,0.07100645,0.0554577,1,766,53,2,5,1,6,5.423897033,0,0,GBM
195,CASR,0.333333333,0.292515733,1.139539844,0.047747613,0.078132457,0.9950369,1,1078,28,3,4,1,3,1.139539844,0,0,GBM
196,COL1A2,0.083333333,0.077444185,1.076043779,0.15919204,0.15919204,0.003359127,1,1366,152,12,6,1,12,1.076043779,0,0,GBM
197,CPS1,0.4,0.222009658,1.801723418,0.003549823,0.031948403,0.8160048,1,1500,150,5,8,2,5,1.801723418,0,0,GBM
198,CYP11A1,0.333333333,0.265934932,1.253439444,0.10779461,0.119339488,0.08311105,1,521,27,3,1,1,3,1.253439444,0,0,GBM
199,DYNC2H1,0.5,0.349788653,1.429434589,0.008649568,0.051897405,0.9996801,1,4307,182,2,1,1,2,1.429434589,0,0,GBM
200,FGFR3,0.25,0.219437697,1.139275536,0.088495575,0.10619469,0.03370344,1,806,40,4,5,1,4,1.139275536,0,0,GBM
201,GRIN2A,0.1,0.096765715,1.033423873,0.127343633,0.130982022,0.0920827,1,1464,170,10,5,1,9,1.033423873,0,0,GBM
202,HNF1A,0.5,0.354437055,1.410687719,0.059547023,0.089320534,0.4180192,1,631,32,2,3,1,2,1.410687719,0,0,GBM
203,JAK2,0.5,0.353615673,1.413964477,0.030498475,0.07100645,0.9926,1,1132,67,2,1,1,2,1.413964477,0,0,GBM
204,KIF7,0.5,0.351948672,1.420661703,0.026698665,0.07100645,0.9978404,1,1343,33,2,1,1,2,1.420661703,0,0,GBM
205,KRAS,1,0,Inf,0.09919504,0.11519424,0.1270399,1,189,20,1,4,1,2,31.68450717,0,0,GBM
206,LCAT,0.5,0.356498375,1.402530939,0.08119594,0.10439478,0.06582185,1,440,16,2,3,1,2,1.402530939,0,0,GBM
207,NF1,0.052631579,0.036291619,1.450240582,0.039248038,0.07100645,5.70E-07,0.000896177,2839,234,32,4,1,31,1.450240582,1,0,GBM
208,NPC1,0.5,0.340639157,1.467828904,0.028948553,0.07100645,0.3670974,1,1278,58,2,6,1,2,1.467828904,0,0,GBM
209,PIK3CA,0.470588235,0.084669433,5.557947178,1.40E-06,5.03E-05,0,0,1068,85,22,13,6,32,5.557947178,1,1,GBM
210,PKHD1,0.0625,0.06233976,1.002570437,0.0719964,0.099687323,0.5411513,1,4074,194,16,4,1,13,1.002570437,0,0,GBM
211,PTEN,0.204081633,0.042102491,4.847257888,0.038348083,0.07100645,0,0,403,193,65,14,8,95,4.847257888,1,0,GBM
212,PTPN11,0.333333333,0.191849262,1.737475189,0.058647068,0.089320534,0.05811065,1,597,43,4,7,1,6,1.737475189,0,0,GBM
213,RAG1,0.2,0.18294663,1.093214999,0.084345783,0.10470511,0.3689105,1,1043,77,5,4,1,5,1.093214999,0,0,GBM
214,RYR2,0.033333333,0.031561166,1.056150239,0.10939453,0.119339488,0.3090339,1,4967,623,30,4,1,28,1.056150239,0,0,GBM
215,SCN5A,0.25,0.220891898,1.131775325,0.036898155,0.07100645,0.6763005,1,2016,112,4,12,1,4,1.131775325,0,0,GBM
216,SLC2A1,0.5,0.352971087,1.416546617,0.074946253,0.099928337,0.3134436,1,492,18,2,1,1,2,1.416546617,0,0,GBM
217,TMPRSS6,0.166666667,0.149982296,1.111242267,0.11459427,0.12133511,0.006472104,1,811,36,5,3,1,6,1.111242267,0,0,GBM
218,TP53,0.596153846,0.046543741,12.80846441,1.32E-05,0.000238417,1.44E-15,3.89E-12,393,235,50,34,18,86,12.80846441,1,1,GBM
219,TRPV4,0.5,0.248103417,2.015288652,0.00639968,0.046077696,0.3760549,1,871,43,4,2,2,4,2.015288652,0,1,GBM
220,TSC2,0.25,0.212826326,1.174666709,0.039448028,0.07100645,0.5337824,1,1807,63,4,1,1,4,1.174666709,0,0,GBM
221,USH2A,0.1875,0.097921978,1.914789758,0.00139993,0.01679916,0.9999656,1,5202,508,15,5,3,15,1.914789758,0,0,GBM
222,IDH1,NA,NA,NA,NA,NA,0,0,NA,NA,NA,NA,NA,NA,NA,1,0,GBM
223,RB1,NA,NA,NA,NA,NA,0,0,NA,NA,NA,NA,NA,NA,NA,1,0,GBM
224,RPL5,NA,NA,NA,NA,NA,0,0,NA,NA,NA,NA,NA,NA,NA,1,0,GBM
225,PIK3R1,NA,NA,NA,NA,NA,4.11E-15,9.69E-12,NA,NA,NA,NA,NA,NA,NA,1,0,GBM
226,EGFR,NA,NA,NA,NA,NA,7.23E-13,1.51E-09,NA,NA,NA,NA,NA,NA,NA,1,0,GBM
227,KEL,NA,NA,NA,NA,NA,2.90E-06,0.003907386,NA,NA,NA,NA,NA,NA,NA,1,0,GBM
228,ABCA12,0.083333333,0.081306645,1.024926481,0.027448628,0.061880777,0.9495516,1,2595,169,12,3,1,12,1.024926481,0,0,HNSC
229,ABCA1,0.166666667,0.151467445,1.10034646,0.014099295,0.061880777,0.9999942,1,2261,111,6,2,1,6,1.10034646,0,0,HNSC
230,ABCA4,0.111111111,0.109201191,1.017489916,0.02259887,0.061880777,0.8920968,1,2273,131,9,8,1,9,1.017489916,0,0,HNSC
231,AKT1,0.5,0.365547021,1.367813089,0.02159892,0.061880777,0.5398715,1,480,15,2,1,1,2,1.367813089,0,0,HNSC
232,CASP8,0.038461538,0.038568343,0.997230765,0.258687066,0.264703044,0,0,479,68,22,1,1,26,0.997230765,1,0,HNSC
233,CDKN2A,0.058823529,0.032723935,1.797568934,0.897355132,0.897355132,0,0,156,48,26,6,3,50,1.797568934,1,0,HNSC
234,CFI,0.2,0.175303997,1.140875297,0.04699765,0.062663533,0.2120595,1,583,38,5,1,1,5,1.140875297,0,0,HNSC
235,CHST6,0.166666667,0.154180159,1.080986473,0.081945903,0.08863947,1,1,395,29,6,1,1,6,1.080986473,0,0,HNSC
236,COL2A1,0.25,0.222865669,1.121751953,0.013749313,0.061880777,0.8816356,1,1487,76,4,3,1,3,1.121751953,0,0,HNSC
237,COL4A1,0.166666667,0.152188553,1.095132734,0.020148993,0.061880777,0.9993467,1,1669,129,6,1,1,6,1.095132734,0,0,HNSC
238,DHODH,0.25,0.211351412,1.18286411,0.058047098,0.069326263,0.999932,1,395,14,4,1,1,4,1.18286411,0,0,HNSC
239,DNMT3B,0.2,0.179977865,1.111247761,0.03239838,0.061880777,0.3938598,1,853,46,5,2,1,5,1.111247761,0,0,HNSC
240,DYNC2H1,0.090909091,0.087795625,1.035462659,0.01379931,0.061880777,0.8745206,1,4307,182,11,1,1,11,1.035462659,0,0,HNSC
241,FBN1,0.111111111,0.103067787,1.078039169,0.016449178,0.061880777,0.9079383,1,2871,180,9,7,1,9,1.078039169,0,0,HNSC
242,FGFR3,0.166666667,0.149197609,1.117086712,0.04099795,0.061880777,0.8116532,1,806,40,6,5,1,5,1.117086712,0,0,HNSC
243,GAA,0.333333333,0.273792025,1.217469109,0.017449128,0.061880777,0.9681512,1,952,26,3,3,1,3,1.217469109,0,0,HNSC
244,GLB1,0.5,0.249219879,2.006260504,0.00079996,0.011732747,0.5163831,1,677,28,4,5,2,3,2.006260504,0,1,HNSC
245,HRAS,0.833333333,0.107709408,7.736866705,0.002249888,0.024748763,0,0,189,8,4,2,2,11,7.736866705,1,1,HNSC
246,IFT140,0.4,0.210804836,1.897489681,0.003749813,0.03299835,0.9999989,1,1462,53,4,1,1,5,1.897489681,0,0,HNSC
247,KIT,0.2,0.178490613,1.120507105,0.028898555,0.061880777,0.7703729,1,976,77,5,2,1,4,1.120507105,0,0,HNSC
248,KLHL3,0.5,0.35507334,1.408159789,0.01959902,0.061880777,0.9999413,1,587,23,2,1,1,2,1.408159789,0,0,HNSC
249,KMT2D,0.017241379,0.017136811,1.006101946,0.058297085,0.069326263,NA,1,5537,336,58,3,1,54,1.006101946,0,0,HNSC
250,LRRK2,0.047619048,0.046221348,1.030239254,0.045347733,0.062353132,0.603281,1,2527,175,21,2,1,18,1.030239254,0,0,HNSC
251,MAP2K2,0.333333333,0.27235324,1.223900744,0.041947903,0.061880777,0.4212083,1,400,14,3,1,1,3,1.223900744,0,0,HNSC
252,NCF2,0.25,0.210882453,1.185494557,0.04259787,0.061880777,0.3019014,1,526,38,4,1,1,4,1.185494557,0,0,HNSC
253,NOTCH3,0.071428571,0.067419146,1.059470129,0.034298285,0.061880777,0.1353264,1,2321,114,14,4,1,14,1.059470129,0,0,HNSC
254,NSD1,0.026315789,0.026989827,0.975026245,0.07679616,0.086641822,1.19E-10,1.60E-07,2696,145,38,2,1,33,0.975026245,1,0,HNSC
255,PAX6,0.5,0.353333546,1.415093489,0.02559872,0.061880777,0.6976794,1,422,29,2,1,1,2,1.415093489,0,0,HNSC
256,PIK3CA,0.738461538,0.053837355,13.71652701,0,0,0,0,1068,85,23,13,7,64,13.71652701,1,1,HNSC
257,PRF1,0.333333333,0.278417881,1.197241111,0.0299985,0.061880777,0.6362382,1,555,29,3,1,1,3,1.197241111,0,0,HNSC
258,PTEN,0.2,0.180755394,1.106467671,0.070496475,0.081627498,0.007806366,1,403,193,5,14,1,5,1.106467671,0,0,HNSC
259,RAG1,0.166666667,0.147550251,1.129558678,0.031298435,0.061880777,0.4688403,1,1043,77,6,4,1,5,1.129558678,0,0,HNSC
260,RDH12,0.333333333,0.266759243,1.249566198,0.05179741,0.065116744,0.273974,1,316,16,3,2,1,3,1.249566198,0,0,HNSC
261,RUNX2,0.25,0.222171775,1.125255445,0.04359782,0.061880777,0.5229113,1,521,46,4,3,1,4,1.125255445,0,0,HNSC
262,RYR2,0.022727273,0.022441545,1.012732089,0.049097545,0.063538,0.9994008,1,4967,623,43,4,1,34,1.012732089,0,0,HNSC
263,SETBP1,0.111111111,0.106451919,1.043768044,0.03039848,0.061880777,0.9835128,1,1596,120,9,2,1,9,1.043768044,0,0,HNSC
264,SLC4A11,0.166666667,0.15550514,1.071775935,0.03779811,0.061880777,0.9681444,1,891,47,6,1,1,6,1.071775935,0,0,HNSC
265,SMAD4,0.125,0.11570577,1.080326413,0.08259587,0.08863947,0.005331123,1,552,55,8,1,1,7,1.080326413,0,0,HNSC
266,SOS1,0.125,0.123451305,1.01254499,0.033548323,0.061880777,0.8664193,1,1333,77,8,5,1,7,1.01254499,0,0,HNSC
267,TGFBR2,0.090909091,0.08181257,1.111187327,0.09019549,0.094490514,0.001259789,0.5400488,567,46,9,3,1,10,1.111187327,0,0,HNSC
268,TP53,0.439834025,0.032012367,13.7395032,0,0,2.22E-16,3.81E-13,393,235,115,34,27,206,13.7395032,1,1,HNSC
269,NOTCH1,NA,NA,NA,NA,NA,0,0,NA,NA,NA,NA,NA,NA,NA,1,0,HNSC
270,FAT1,NA,NA,NA,NA,NA,1.33E-15,2.09E-12,NA,NA,NA,NA,NA,NA,NA,1,0,HNSC
271,NFE2L2,NA,NA,NA,NA,NA,1.18E-07,0.000148822,NA,NA,NA,NA,NA,NA,NA,1,0,HNSC
272,NBPF1,NA,NA,NA,NA,NA,6.48E-07,0.000763966,NA,NA,NA,NA,NA,NA,NA,1,0,HNSC
273,EPHA2,NA,NA,NA,NA,NA,1.10E-06,0.001218094,NA,NA,NA,NA,NA,NA,NA,1,0,HNSC
274,B2M,NA,NA,NA,NA,NA,1.50E-06,0.001572985,NA,NA,NA,NA,NA,NA,NA,1,0,HNSC
275,ZNF750,NA,NA,NA,NA,NA,7.22E-06,0.0068052,NA,NA,NA,NA,NA,NA,NA,1,0,HNSC
276,FLG,NA,NA,NA,NA,NA,1.40E-05,0.01201582,NA,NA,NA,NA,NA,NA,NA,1,0,HNSC
277,AKT3,0.5,0.356155298,1.403881964,0.019699015,0.021926176,0.3865963,1,479,32,2,1,1,2,1.403881964,0,0,KIRC
278,ALK,0.166666667,0.156398403,1.06565453,0.017349133,0.021926176,0.9849063,1,1620,92,6,1,1,6,1.06565453,0,0,KIRC
279,CPS1,0.2,0.182244926,1.097424241,0.015299235,0.021926176,0.5140197,1,1500,150,5,8,1,5,1.097424241,0,0,KIRC
280,PIK3CA,0.5,0.145470293,3.437127889,1.16E-05,6.98E-05,0.2916592,1,1068,85,9,13,4,12,3.437127889,0,1,KIRC
281,PTEN,0.15,0.080487504,1.863643339,0.020098995,0.021926176,0,0,403,193,19,14,3,18,1.863643339,1,0,KIRC
282,SLC37A4,0.333333333,0.266141458,1.252466774,0.029948503,0.029948503,0.2314301,1,429,13,3,2,1,3,1.252466774,0,0,KIRC
283,TG,0.166666667,0.153631385,1.084847775,0.009699515,0.01774197,0.9285544,1,2768,208,6,1,1,6,1.084847775,0,0,KIRC
284,TP53,0.5,0.158178318,3.160989479,1.85E-05,7.41E-05,5.22E-05,0.07034502,393,235,10,34,5,9,3.160989479,0,1,KIRC
285,VHL,0.406926407,0.03299241,12.33393994,1.12E-05,6.98E-05,7.33E-15,1.97E-11,213,94,94,21,21,218,12.33393994,1,1,KIRC
286,BAP1,NA,NA,NA,NA,NA,0,0,NA,NA,NA,NA,NA,NA,NA,1,0,KIRC
287,PBRM1,NA,NA,NA,NA,NA,0,0,NA,NA,NA,NA,NA,NA,NA,1,0,KIRC
288,SETD2,NA,NA,NA,NA,NA,8.66E-15,2.04E-11,NA,NA,NA,NA,NA,NA,NA,1,0,KIRC
289,NEFH,NA,NA,NA,NA,NA,4.95E-08,9.34E-05,NA,NA,NA,NA,NA,NA,NA,1,0,KIRC
290,BRAF,0.5,0.351022744,1.424409125,0.055647218,0.089035548,0.1723714,1,766,53,2,5,1,2,1.424409125,0,0,KIRP
291,FGFR3,0.75,0.217910354,3.441782301,0.001449928,0.00559972,1,1,806,40,4,5,3,2,3.441782301,0,1,KIRP
292,KRAS,1,0,Inf,0.11539423,0.13187912,0.09901212,1,189,20,1,4,1,2,6.382401763,0,0,KIRP
293,MET,0.666666667,0.156680829,4.254934508,5.00E-05,0.00039998,0.01783127,1,1390,81,7,4,4,9,4.254934508,0,1,KIRP
294,PIK3CA,1,0,Inf,0.002099895,0.00559972,0.3552391,1,1068,85,2,13,2,2,6.382401763,0,1,KIRP
295,TP53,0.5,0.348719953,1.433815289,0.112144393,0.13187912,7.06E-05,0.1480132,393,235,2,34,1,2,1.433815289,0,0,KIRP
296,USH2A,0.2,0.182738593,1.094459559,0.01979901,0.03959802,0.4805603,1,5202,508,5,5,1,5,1.094459559,0,0,KIRP
297,VHL,0.5,0.349368084,1.431155343,0.19899005,0.19899005,0.0258344,1,213,94,2,21,1,2,1.431155343,0,0,KIRP
298,NBPF1,NA,NA,NA,NA,NA,1.37E-07,0.000864506,NA,NA,NA,NA,NA,NA,NA,1,0,KIRP
307,KCNJ2,0.5,0.350374817,1.427043199,0.133343333,0.19239038,0.2508862,1,427,34,2,1,1,2,1.427043199,0,0,LGG
308,PIK3CA,0.222222222,0.096671007,2.298747366,0.137293135,0.19239038,0,0,1068,85,9,13,3,17,2.298747366,1,0,LGG
309,PTEN,0.333333333,0.193599911,1.721763881,0.17619119,0.19239038,6.08E-09,7.65E-06,403,193,6,14,2,6,1.721763881,1,0,LGG
310,PTPN11,0.75,0.212381834,3.53137547,0.01299935,0.081733413,0.01382141,1,597,43,3,7,2,4,3.53137547,0,0,LGG
311,TP53,0.734265734,0.038789072,18.92970632,0.002349883,0.030548473,0,0,393,235,49,34,24,118,18.92970632,1,1,LGG
312,TPM1,0.5,0.355833694,1.405150802,0.19899005,0.19899005,0.07226792,1,284,16,2,2,1,2,1.405150802,0,0,LGG
313,VWF,0.5,0.352242921,1.419474944,0.019499025,0.081733413,0.9339812,1,2813,151,2,1,1,2,1.419474944,0,0,LGG
314,FUBP1,NA,NA,NA,NA,NA,0,0,NA,NA,NA,NA,NA,NA,NA,1,0,LGG
315,IDH1,NA,NA,NA,NA,NA,0,0,NA,NA,NA,NA,NA,NA,NA,1,0,LGG
316,CIC,NA,NA,NA,NA,NA,1.22E-15,2.09E-12,NA,NA,NA,NA,NA,NA,NA,1,0,LGG
317,NBPF1,NA,NA,NA,NA,NA,1.68E-11,2.43E-08,NA,NA,NA,NA,NA,NA,NA,1,0,LGG
318,NOTCH1,NA,NA,NA,NA,NA,1.73E-10,2.33E-07,NA,NA,NA,NA,NA,NA,NA,1,0,LGG
319,PIK3R1,NA,NA,NA,NA,NA,7.02E-09,8.28E-06,NA,NA,NA,NA,NA,NA,NA,1,0,LGG
320,IDH2,NA,NA,NA,NA,NA,3.14E-08,3.48E-05,NA,NA,NA,NA,NA,NA,NA,1,0,LGG
321,ARID1A,NA,NA,NA,NA,NA,9.48E-08,9.94E-05,NA,NA,NA,NA,NA,NA,NA,1,0,LGG
322,EGFR,NA,NA,NA,NA,NA,2.76E-07,0.000274176,NA,NA,NA,NA,NA,NA,NA,1,0,LGG
323,TCF12,NA,NA,NA,NA,NA,7.47E-07,0.000670765,NA,NA,NA,NA,NA,NA,NA,1,0,LGG
324,TPTE,NA,NA,NA,NA,NA,2.15E-05,0.0155797,NA,NA,NA,NA,NA,NA,NA,1,0,LGG
325,ABCA4,0.095238095,0.067275367,1.415645875,0.005249738,0.028365248,0.9999978,1,2273,131,20,8,2,11,1.415645875,0,0,LUAD
326,ACVRL1,0.25,0.21141105,1.18253043,0.03119844,0.051824075,0.9519885,1,503,32,4,1,1,4,1.18253043,0,0,LUAD
327,ALPL,0.5,0.355811188,1.40523968,0.016499175,0.04402637,0.9363255,1,524,28,2,3,1,2,1.40523968,0,0,LUAD
328,ATM,0.045454545,0.043885373,1.035756171,0.027448628,0.050505475,2.98E-05,0.008777984,3056,193,21,1,1,19,1.035756171,1,0,LUAD
329,ATP7B,0.090909091,0.089986721,1.010250064,0.03379831,0.051824075,0.9912367,1,1465,62,11,4,1,10,1.010250064,0,0,LUAD
330,BBS12,0.5,0.344546749,1.451181882,0.011349433,0.04402637,0.9918295,1,710,29,2,3,1,2,1.451181882,0,0,LUAD
331,BRAF,0.590909091,0.109157774,5.413348688,3.52E-06,8.09E-05,2.43E-07,0.000127473,766,53,12,5,4,22,5.413348688,1,1,LUAD
332,CDKN2A,0.066666667,0.062688231,1.063463843,0.341332933,0.341332933,1.84E-05,0.005779577,156,48,13,6,1,15,1.063463843,1,0,LUAD
333,COL11A2,0.125,0.120240664,1.039581754,0.01759912,0.04402637,0.9999637,1,1736,95,8,1,1,8,1.039581754,0,0,LUAD
334,COL1A2,0.052631579,0.050996682,1.032058883,0.056147193,0.069601783,0.02628953,1,1366,152,19,6,1,17,1.032058883,0,0,LUAD
335,CPS1,0.025641026,0.02464158,1.040559312,0.105244738,0.112587394,0.9997629,1,1500,150,38,8,1,31,1.040559312,0,0,LUAD
336,CTNNB1,0.416666667,0.138498551,3.00845507,0.000419835,0.004828101,0.000172025,0.03526885,781,61,9,5,2,10,3.00845507,1,1,LUAD
337,CTSD,0.5,0.352445695,1.41865827,0.019699015,0.04402637,0.951231,1,412,14,2,1,1,2,1.41865827,0,0,LUAD
338,DNAH5,0.026315789,0.025957681,1.013795841,0.032698365,0.051824075,0.9934025,1,4624,447,37,1,1,27,1.013795841,0,0,LUAD
339,FGFR2,0.125,0.117711697,1.06191656,0.042297885,0.055591506,0.9917917,1,821,70,8,5,1,7,1.06191656,0,0,LUAD
340,FMO3,0.2,0.178073778,1.12312999,0.038498075,0.055340983,0.9998937,1,532,53,5,2,1,5,1.12312999,0,0,LUAD
341,GALC,0.6,0.224424523,2.673504628,0.005549723,0.028365248,0.8475495,1,685,21,3,2,1,5,2.673504628,0,1,LUAD
342,GBA,0.333333333,0.265730547,1.254403517,0.023098845,0.04619769,0.7410711,1,536,24,3,4,1,3,1.254403517,0,0,LUAD
343,GDF5,0.25,0.208535938,1.198834134,0.03339833,0.051824075,0.01120915,0.7830627,501,28,4,3,1,4,1.198834134,0,0,LUAD
344,GNRHR,0.666666667,0.269073018,2.477642206,0.012499375,0.04402637,0.9997975,1,328,13,2,1,1,3,2.477642206,0,1,LUAD
345,KRAS,0.957894737,0.019414241,49.33979813,0.002699865,0.020698965,0,0,189,20,4,4,2,95,49.33979813,1,1,LUAD
346,MYH7,0.333333333,0.185518344,1.796767512,0.000249988,0.003833142,0.9987056,1,1935,46,6,13,2,6,1.796767512,0,0,LUAD
347,MYO7A,0.142857143,0.13392374,1.066705145,0.012449378,0.04402637,0.999201,1,2215,75,7,2,1,7,1.066705145,0,0,LUAD
348,MYOT,0.2,0.183351077,1.090803516,0.040447978,0.055591506,0.4548591,1,498,22,5,2,1,5,1.090803516,0,0,LUAD
349,NTRK1,0.083333333,0.078787199,1.057701436,0.057497125,0.069601783,0.4597816,1,796,58,11,1,1,11,1.057701436,0,0,LUAD
350,PCCB,0.5,0.358918616,1.393073467,0.01499925,0.04402637,0.9979849,1,539,26,2,1,1,2,1.393073467,0,0,LUAD
351,PIK3CA,0.6875,0.122054751,5.632718065,1.78E-06,8.09E-05,0.007098046,0.6085606,1068,85,8,13,3,16,5.632718065,0,1,LUAD
352,PRNP,0.333333333,0.267585795,1.245706385,0.16719164,0.17090701,0.0190239,1,73,13,3,1,1,3,1.245706385,0,0,LUAD
353,PROS1,0.076923077,0.072106212,1.066802357,0.07819609,0.087067075,0.7433102,1,676,72,13,2,1,12,1.066802357,0,0,LUAD
354,PTEN,0.125,0.119799215,1.043412515,0.070296485,0.08279586,0.01313584,0.8603061,403,193,7,14,1,7,1.043412515,0,0,LUAD
355,RAF1,0.333333333,0.271208404,1.229067124,0.018499075,0.04402637,0.6903226,1,648,27,3,2,1,2,1.229067124,0,0,LUAD
356,RAG1,0.058823529,0.05812802,1.011965125,0.0719964,0.08279586,0.5931517,1,1043,77,17,4,1,15,1.011965125,0,0,LUAD
357,RIT1,0.375,0.175548618,2.136160364,0.00519974,0.028365248,0.000165768,0.03474118,219,21,7,2,2,7,2.136160364,1,1,LUAD
358,RUNX2,0.1,0.091153436,1.097051346,0.079496025,0.087067075,0.7612777,1,521,46,10,3,1,4,1.097051346,0,0,LUAD
359,RYR1,0.019607843,0.019073758,1.028001032,0.04159792,0.055591506,0.08422392,1,5038,306,51,4,1,41,1.028001032,0,0,LUAD
360,RYR2,0.005952381,0.006223097,0.956498189,0.141892905,0.148342583,0.9999987,1,4967,623,165,4,1,91,0.956498189,0,0,LUAD
361,SCN5A,0.1,0.095019307,1.052417696,0.020098995,0.04402637,0.9927229,1,2016,112,10,12,1,10,1.052417696,0,0,LUAD
362,SLC4A1,0.25,0.223048763,1.120831142,0.01739913,0.04402637,0.9999456,1,911,18,4,3,1,3,1.120831142,0,0,LUAD
363,SLC7A9,0.333333333,0.274095514,1.216121085,0.025548723,0.048968385,0.9999998,1,487,25,3,2,1,3,1.216121085,0,0,LUAD
364,SMAD4,0.25,0.158420189,1.578081691,0.006699665,0.030818459,0.06259306,1,552,55,7,1,1,8,1.578081691,0,0,LUAD
365,SOS1,0.076923077,0.075247753,1.022264104,0.037148143,0.05512305,0.6292341,1,1333,77,12,5,1,11,1.022264104,0,0,LUAD
366,STK11,0.090909091,0.063456319,1.43262472,0.046647668,0.059605353,0,0,433,33,17,2,1,21,1.43262472,1,0,LUAD
367,TECTA,0.058823529,0.056383965,1.043266996,0.033698315,0.051824075,0.9954179,1,2155,133,17,1,1,14,1.043266996,0,0,LUAD
368,TGFB1,0.5,0.348741481,1.433726778,0.02139893,0.044743217,0.5352949,1,390,12,2,1,1,2,1.433726778,0,0,LUAD
369,TGFBR2,0.5,0.356366029,1.403051804,0.013699315,0.04402637,0.9999999,1,567,46,2,3,1,2,1.403051804,0,0,LUAD
370,TP53,0.357142857,0.041409814,8.624594483,0.002699865,0.020698965,0,0,393,235,88,34,25,131,8.624594483,1,1,LUAD
371,CD4,NA,NA,NA,NA,NA,0,0,NA,NA,NA,NA,NA,NA,NA,1,0,LUAD
372,HAX1,NA,NA,NA,NA,NA,0,0,NA,NA,NA,NA,NA,NA,NA,1,0,LUAD
373,SNRPN,NA,NA,NA,NA,NA,0,0,NA,NA,NA,NA,NA,NA,NA,1,0,LUAD
374,SPRR3,NA,NA,NA,NA,NA,0,0,NA,NA,NA,NA,NA,NA,NA,1,0,LUAD
375,NBPF1,NA,NA,NA,NA,NA,1.33E-15,1.05E-12,NA,NA,NA,NA,NA,NA,NA,1,0,LUAD
376,IL32,NA,NA,NA,NA,NA,2.66E-15,2.01E-12,NA,NA,NA,NA,NA,NA,NA,1,0,LUAD
377,RB1,NA,NA,NA,NA,NA,4.86E-14,3.40E-11,NA,NA,NA,NA,NA,NA,NA,1,0,LUAD
378,SMARCA4,NA,NA,NA,NA,NA,1.82E-13,1.22E-10,NA,NA,NA,NA,NA,NA,NA,1,0,LUAD
379,COL11A1,NA,NA,NA,NA,NA,1.02E-12,6.61E-10,NA,NA,NA,NA,NA,NA,NA,1,0,LUAD
380,ARID1A,NA,NA,NA,NA,NA,2.32E-10,1.46E-07,NA,NA,NA,NA,NA,NA,NA,1,0,LUAD
381,EGFR,NA,NA,NA,NA,NA,2.68E-10,1.63E-07,NA,NA,NA,NA,NA,NA,NA,1,0,LUAD
382,NF1,NA,NA,NA,NA,NA,4.59E-07,0.000234168,NA,NA,NA,NA,NA,NA,NA,1,0,LUAD
383,ELTD1,NA,NA,NA,NA,NA,9.47E-07,0.00044549,NA,NA,NA,NA,NA,NA,NA,1,0,LUAD
384,ZEB1,NA,NA,NA,NA,NA,1.03E-06,0.000459586,NA,NA,NA,NA,NA,NA,NA,1,0,LUAD
385,KRTAP5-10,NA,NA,NA,NA,NA,1.57E-06,0.000630175,NA,NA,NA,NA,NA,NA,NA,1,0,LUAD
386,EMG1,NA,NA,NA,NA,NA,1.87E-06,0.000733364,NA,NA,NA,NA,NA,NA,NA,1,0,LUAD
387,RFX5,NA,NA,NA,NA,NA,4.20E-06,0.001553125,NA,NA,NA,NA,NA,NA,NA,1,0,LUAD
388,KBTBD6,NA,NA,NA,NA,NA,4.87E-06,0.001767225,NA,NA,NA,NA,NA,NA,NA,1,0,LUAD
389,LRRIQ3,NA,NA,NA,NA,NA,7.32E-06,0.002605883,NA,NA,NA,NA,NA,NA,NA,1,0,LUAD
390,MGA,NA,NA,NA,NA,NA,1.08E-05,0.003580162,NA,NA,NA,NA,NA,NA,NA,1,0,LUAD
391,ADAM23,NA,NA,NA,NA,NA,1.08E-05,0.003580162,NA,NA,NA,NA,NA,NA,NA,1,0,LUAD
392,EPHX4,NA,NA,NA,NA,NA,1.33E-05,0.004333858,NA,NA,NA,NA,NA,NA,NA,1,0,LUAD
393,OVGP1,NA,NA,NA,NA,NA,1.76E-05,0.005623528,NA,NA,NA,NA,NA,NA,NA,1,0,LUAD
394,CTCFL,NA,NA,NA,NA,NA,2.04E-05,0.006192496,NA,NA,NA,NA,NA,NA,NA,1,0,LUAD
395,COL25A1,NA,NA,NA,NA,NA,2.16E-05,0.006461911,NA,NA,NA,NA,NA,NA,NA,1,0,LUAD
396,GNG2,NA,NA,NA,NA,NA,3.72E-05,0.01080447,NA,NA,NA,NA,NA,NA,NA,1,0,LUAD
397,FMO1,NA,NA,NA,NA,NA,4.75E-05,0.01316446,NA,NA,NA,NA,NA,NA,NA,1,0,LUAD
398,KLK1,NA,NA,NA,NA,NA,4.97E-05,0.01340199,NA,NA,NA,NA,NA,NA,NA,1,0,LUAD
399,PHACTR1,NA,NA,NA,NA,NA,4.97E-05,0.01340199,NA,NA,NA,NA,NA,NA,NA,1,0,LUAD
400,RPSA,NA,NA,NA,NA,NA,5.48E-05,0.01456317,NA,NA,NA,NA,NA,NA,NA,1,0,LUAD
401,ADCY10,NA,NA,NA,NA,NA,6.77E-05,0.01703609,NA,NA,NA,NA,NA,NA,NA,1,0,LUAD
402,ARID2,NA,NA,NA,NA,NA,8.36E-05,0.02047188,NA,NA,NA,NA,NA,NA,NA,1,0,LUAD
403,SRGAP3,NA,NA,NA,NA,NA,9.98E-05,0.0232047,NA,NA,NA,NA,NA,NA,NA,1,0,LUAD
404,GCNT4,NA,NA,NA,NA,NA,0.000101181,0.0232047,NA,NA,NA,NA,NA,NA,NA,1,0,LUAD
405,MICALCL,NA,NA,NA,NA,NA,0.000101686,0.0232047,NA,NA,NA,NA,NA,NA,NA,1,0,LUAD
406,KRT79,NA,NA,NA,NA,NA,0.00010211,0.0232047,NA,NA,NA,NA,NA,NA,NA,1,0,LUAD
407,TSKS,NA,NA,NA,NA,NA,0.000130175,0.02899448,NA,NA,NA,NA,NA,NA,NA,1,0,LUAD
408,ACACA,NA,NA,NA,NA,NA,0.00013552,0.02938134,NA,NA,NA,NA,NA,NA,NA,1,0,LUAD
409,FCRL4,NA,NA,NA,NA,NA,0.000191849,0.03891036,NA,NA,NA,NA,NA,NA,NA,1,0,LUAD
410,HPGDS,NA,NA,NA,NA,NA,0.000205672,0.04127003,NA,NA,NA,NA,NA,NA,NA,1,0,LUAD
411,RALGAPB,NA,NA,NA,NA,NA,0.000215132,0.04271388,NA,NA,NA,NA,NA,NA,NA,1,0,LUAD
412,ALPL,0.333333333,0.266808229,1.249336779,0.04559772,0.073225371,1,1,524,28,3,3,1,3,1.249336779,0,0,LUSC
413,ATP2A2,0.333333333,0.260637336,1.278916286,0.020948953,0.06986984,0.9230343,1,1042,51,3,2,1,2,1.278916286,0,0,LUSC
414,BRAF,0.25,0.14890696,1.678900707,0.007249638,0.056788827,0.118194,1,766,53,8,5,2,8,1.678900707,0,0,LUSC
415,CAPN3,0.142857143,0.132377218,1.079167134,0.062696865,0.074813701,0.6805738,1,821,46,7,5,1,7,1.079167134,0,0,LUSC
416,CDKN2A,0.130434783,0.068805847,1.89569328,0.691365432,0.691365432,7.77E-16,7.33E-12,156,48,17,6,3,23,1.89569328,1,0,LUSC
417,CNGA3,0.333333333,0.273062889,1.220720015,0.033698315,0.071129136,0.4913381,1,694,19,3,2,1,3,1.220720015,0,0,LUSC
418,COL4A2,0.071428571,0.067001023,1.066081802,0.06099695,0.074813701,0.3281632,1,1712,90,13,1,1,13,1.066081802,0,0,LUSC
419,CPS1,0.068965517,0.047160849,1.462346817,0.036098195,0.071129136,7.56E-05,0.1426678,1500,150,27,8,2,24,1.462346817,0,0,LUSC
420,DNAI1,0.25,0.214192971,1.167171823,0.04239788,0.07116787,0.4881019,1,699,33,4,1,1,4,1.167171823,0,0,LUSC
421,FGFR2,0.25,0.213849641,1.169045682,0.036298185,0.071129136,0.6601329,1,821,70,4,5,1,4,1.169045682,0,0,LUSC
422,FGFR3,0.75,0.218728781,3.428904031,0.000349983,0.005483059,0.8470867,1,806,40,3,5,2,4,3.428904031,0,1,LUSC
423,GBA,0.25,0.214978262,1.162908276,0.05539723,0.074813701,0.394297,1,536,24,4,4,1,4,1.162908276,0,0,LUSC
424,GPI,0.2,0.179787328,1.112425451,0.06779661,0.074813701,0.2835621,1,558,30,5,1,1,5,1.112425451,0,0,LUSC
425,GRIN2A,0.076923077,0.071535518,1.075313061,0.065846708,0.074813701,0.574181,1,1464,170,13,5,1,11,1.075313061,0,0,LUSC
426,HADHB,0.333333333,0.271109962,1.229513406,0.047847608,0.073225371,0.4384358,1,474,23,3,1,1,3,1.229513406,0,0,LUSC
427,HRAS,0.6,0.215646617,2.782329758,0.04159792,0.07116787,0.01719673,1,189,8,2,2,1,5,2.782329758,0,0,LUSC
428,KCNQ1,0.333333333,0.27577355,1.208721188,0.03499825,0.071129136,0.3958706,1,676,27,3,3,1,3,1.208721188,0,0,LUSC
429,MUT,0.5,0.245334851,2.038030869,0.001849908,0.017389131,0.9622443,1,750,39,4,3,2,4,2.038030869,0,1,LUSC
430,PARK2,0.1,0.095058646,1.051982165,0.16319184,0.170264313,0.0873653,1,465,40,10,2,1,10,1.051982165,0,0,LUSC
431,PIK3CA,0.633333333,0.086706826,7.304307682,0,0,0.7602323,1,1068,85,16,13,5,28,7.304307682,0,1,LUSC
432,PKLR,0.333333333,0.273175284,1.22021776,0.039348033,0.071129136,0.6706522,1,574,18,3,3,1,2,1.22021776,0,0,LUSC
433,PLA2G5,0.333333333,0.281790042,1.182913813,0.166641668,0.170264313,0.01448345,1,138,6,3,1,1,3,1.182913813,0,0,LUSC
434,PSPH,0.5,0.348651054,1.434098633,0.066496675,0.074813701,0.6069907,1,225,17,2,1,1,2,1.434098633,0,0,LUSC
435,PTEN,0.125,0.07926043,1.577079503,0.111094445,0.118669067,1.60E-11,1.01E-07,403,193,15,14,2,14,1.577079503,1,0,LUSC
436,PTPN11,0.333333333,0.265965043,1.253297537,0.038848058,0.071129136,0.3482236,1,597,43,3,7,1,3,1.253297537,0,0,LUSC
437,SCN5A,0.222222222,0.139282791,1.595475076,0.001099945,0.012924354,0.8795516,1,2016,112,9,12,2,9,1.595475076,0,0,LUSC
438,SDHA,0.333333333,0.266481208,1.25086994,0.034098295,0.071129136,0.6974935,1,664,36,3,1,1,3,1.25086994,0,0,LUSC
439,SERPIND1,0.5,0.349045603,1.432477579,0.031498425,0.071129136,0.7526666,1,499,20,2,1,1,2,1.432477579,0,0,LUSC
440,SGCA,0.333333333,0.263644663,1.264328013,0.055947203,0.074813701,0.2923042,1,387,19,3,1,1,3,1.264328013,0,0,LUSC
441,SIX1,0.5,0.34657772,1.442677849,0.05339733,0.074813701,0.5112264,1,284,18,2,1,1,2,1.442677849,0,0,LUSC
442,SLC17A8,0.25,0.214425782,1.165904575,0.050247488,0.073800997,4.81E-05,0.1007927,589,14,4,1,1,3,1.165904575,0,0,LUSC
443,SLC4A1,0.4,0.222439923,1.798238346,0.008549573,0.057404273,0.2451962,1,911,18,4,3,1,5,1.798238346,0,0,LUSC
444,SLC4A4,0.142857143,0.129189689,1.105793691,0.048297585,0.073225371,0.6293153,1,1079,78,7,1,1,7,1.105793691,0,0,LUSC
445,SPAST,0.2,0.174906124,1.143470541,0.062896855,0.074813701,0.1865405,1,616,23,5,1,1,5,1.143470541,0,0,LUSC
446,TF,0.166666667,0.156599884,1.064283465,0.068446578,0.074813701,0.4067079,1,698,48,6,1,1,6,1.064283465,0,0,LUSC
447,TMEM67,0.333333333,0.269077979,1.238798267,0.021848908,0.06986984,0.7279817,1,995,46,3,1,1,3,1.238798267,0,0,LUSC
448,TP53,0.476190476,0.040601022,11.72853411,1.58E-06,3.70E-05,0,0,393,235,80,34,24,141,11.72853411,1,1,LUSC
449,WDR34,0.5,0.356096271,1.404114674,0.030048498,0.071129136,0.74732,1,536,17,2,1,1,2,1.404114674,0,0,LUSC
450,WNT7A,0.333333333,0.274398869,1.214776631,0.066896655,0.074813701,0.323059,1,349,14,3,1,1,3,1.214776631,0,0,LUSC
451,NFE2L2,NA,NA,NA,NA,NA,1.48E-08,5.59E-05,NA,NA,NA,NA,NA,NA,NA,1,0,LUSC
452,APC,0.125,0.118008624,1.059244617,0.021648918,0.036560672,0.9858764,1,2843,283,8,1,1,7,1.059244617,0,0,OV
453,ATP8B1,0.5,0.361054165,1.384833768,0.011499425,0.036560672,0.7618468,1,1251,55,2,1,1,2,1.384833768,0,0,OV
454,EFEMP1,0.2,0.172076641,1.162272804,0.07719614,0.07719614,1,1,493,30,5,1,1,5,1.162272804,0,0,OV
455,KCNJ1,0.333333333,0.269449733,1.23708912,0.059847008,0.064834258,0.2822218,1,391,27,3,1,1,3,1.23708912,0,0,OV
456,KRAS,1,0,Inf,0.041097945,0.049279354,0.1980646,1,189,20,1,4,1,2,34.23557809,0,1,OV
457,NF1,0.076923077,0.07780293,0.988691262,0.035248238,0.049279354,0.9446979,1,2839,234,13,4,1,12,0.988691262,0,0,OV
458,PACS1,0.2,0.181553302,1.101604859,0.041697915,0.049279354,0.03925012,1,963,49,5,1,1,5,1.101604859,0,0,OV
459,PIK3CA,1,0,Inf,1.00E-04,0.000649968,1,1,1068,85,2,13,2,2,34.23557809,0,1,OV
460,TG,0.125,0.114112704,1.095408273,0.022498875,0.036560672,0.4466476,1,2768,208,8,1,1,8,1.095408273,0,0,OV
461,TP53,0.43877551,0.02920938,15.02173324,1.67E-06,2.17E-05,0,0,393,235,121,34,28,291,15.02173324,1,1,OV
510,CTNNB1,0.666666667,0.271812013,2.452675502,0.038248088,0.060896955,0.007659483,1,781,61,2,5,1,3,2.452675502,0,1,PRAD
511,PIK3CA,1,0,Inf,0.002949853,0.014749263,0.01185097,1,1068,85,2,13,2,2,6.470517148,0,1,PRAD
512,TP53,0.75,0.154547152,4.852887861,0.015699215,0.039248038,9.21E-15,2.17E-11,393,235,5,34,3,8,4.852887861,1,1,PRAD
513,ATG10,NA,NA,NA,NA,NA,0,0,NA,NA,NA,NA,NA,NA,NA,1,0,PRAD
514,PTEN,NA,NA,NA,NA,NA,5.55E-16,1.75E-12,NA,NA,NA,NA,NA,NA,NA,1,0,PRAD
515,NBPF1,NA,NA,NA,NA,NA,4.93E-12,1.03E-08,NA,NA,NA,NA,NA,NA,NA,1,0,PRAD
516,CDKN1B,NA,NA,NA,NA,NA,3.61E-06,0.004538024,NA,NA,NA,NA,NA,NA,NA,1,0,PRAD
517,LRRIQ3,NA,NA,NA,NA,NA,1.06E-05,0.01178052,NA,NA,NA,NA,NA,NA,NA,1,0,PRAD
518,ABCA4,0.055555556,0.039517537,1.40584561,0.00439978,0.026105361,0.9998927,1,2273,131,36,8,2,28,1.40584561,0,0,SKCM
519,ABCC9,0.022222222,0.022254853,0.998533762,0.112694365,0.11528504,0.9999773,1,1549,152,43,2,1,37,0.998533762,0,0,SKCM
520,ACADM,0.25,0.221042665,1.131003373,0.039048048,0.062820388,0.98249,1,421,28,4,2,1,4,1.131003373,0,0,SKCM
521,AKT1,0.333333333,0.274379412,1.214862772,0.02579871,0.052689411,0.9964964,1,480,15,3,1,1,3,1.214862772,0,0,SKCM
522,AKT3,0.333333333,0.277982907,1.199114495,0.026048698,0.052689411,0.9999958,1,479,32,3,1,1,3,1.199114495,0,0,SKCM
523,ATP1A3,0.05,0.048391132,1.033247156,0.082045898,0.089049816,1,1,1013,64,20,3,1,18,1.033247156,0,0,SKCM
524,ATP2A2,0.083333333,0.082890046,1.005347902,0.04579771,0.062820388,0.910315,1,1042,51,12,2,1,11,1.005347902,0,0,SKCM
525,ATP7B,0.153846154,0.101539815,1.515131321,0.001449928,0.016130443,1,1,1465,62,13,4,2,13,1.515131321,0,0,SKCM
526,BRAF,0.929078014,0.021154545,43.91860112,0,0,0,0,766,53,13,5,5,137,43.91860112,1,1,SKCM
527,CACNA1A,0.038461538,0.035852528,1.072770621,0.038648068,0.062820388,1,1,2505,107,23,3,1,23,1.072770621,0,0,SKCM
528,CDKN2A,0.272727273,0.095082605,2.868319304,0.017949103,0.052689411,1.11E-16,3.49E-13,156,48,9,6,2,22,2.868319304,1,1,SKCM
529,CLCN1,0.1,0.095205378,1.050360828,0.042697865,0.062820388,0.9992748,1,988,30,10,2,1,9,1.050360828,0,0,SKCM
530,CNNM2,0.142857143,0.129722511,1.101251751,0.03239838,0.060071996,1,1,875,50,7,1,1,7,1.101251751,0,0,SKCM
531,COL3A1,0.090909091,0.039469505,2.30327417,0.00059997,0.013349333,0.5950824,1,1466,150,49,4,4,45,2.30327417,0,1,SKCM
532,CPT1A,0.1,0.093809969,1.065984787,0.049247538,0.063522186,0.9977714,1,773,51,9,1,1,10,1.065984787,0,0,SKCM
533,CTNNB1,0.2,0.125321449,1.595896012,0.010099495,0.046192928,0.008115253,1,781,61,8,5,1,10,1.595896012,0,0,SKCM
534,CYP1B1,0.5,0.351242254,1.423518936,0.013249338,0.047167642,0.8963996,1,543,18,2,2,1,2,1.423518936,0,0,SKCM
535,DHCR7,0.142857143,0.131306529,1.087966786,0.061496925,0.073962518,1,1,475,21,7,1,1,7,1.087966786,0,0,SKCM
536,DNM2,0.166666667,0.148101,1.125358147,0.029098545,0.057550456,0.999958,1,870,35,6,1,1,6,1.125358147,0,0,SKCM
537,DNMT3B,0.25,0.153839693,1.62506825,0.001299935,0.016130443,0.855965,1,853,46,8,2,2,8,1.62506825,0,0,SKCM
538,EZH2,0.111111111,0.105744669,1.050749056,0.043347833,0.062820388,0.7911246,1,746,52,8,1,1,9,1.050749056,0,0,SKCM
539,FBN1,0.045454545,0.045686369,0.994925772,0.0299985,0.057657755,1,1,2871,180,21,7,1,18,0.994925772,0,0,SKCM
540,FMO3,0.047619048,0.045845816,1.038678167,0.125693715,0.125693715,0.9105867,1,532,53,16,2,1,18,1.038678167,0,0,SKCM
541,FREM1,0.023809524,0.024524329,0.970853222,0.071696415,0.082869882,1,1,2179,135,40,1,1,28,0.970853222,0,0,SKCM
542,GAA,0.166666667,0.152461361,1.093173151,0.024448778,0.052689411,0.9999999,1,952,26,6,3,1,5,1.093173151,0,0,SKCM
543,GALNS,0.5,0.243506125,2.053336444,0.000949953,0.014090962,0.9999843,1,522,20,4,2,2,4,2.053336444,0,1,SKCM
544,GBA,0.666666667,0.267531963,2.491914086,0.000899955,0.014090962,0.9981796,1,536,24,3,4,2,2,2.491914086,0,1,SKCM
545,GCK,0.090909091,0.087395898,1.040198601,0.097345133,0.10192608,0.9303996,1,465,26,11,2,1,9,1.040198601,0,0,SKCM
546,GDF5,0.2,0.178504969,1.120416988,0.041247938,0.062820388,0.9997624,1,501,28,5,3,1,5,1.120416988,0,0,SKCM
547,GLB1,0.142857143,0.131613595,1.085428466,0.04319784,0.062820388,0.9971041,1,677,28,7,5,1,7,1.085428466,0,0,SKCM
548,GRIN2A,0.046875,0.025904764,1.80951272,0.005349733,0.029757887,1,1,1464,170,57,5,2,48,1.80951272,0,0,SKCM
549,GUCY2D,0.333333333,0.27676713,1.204381939,0.012049398,0.046351849,1,1,1103,24,3,1,1,3,1.204381939,0,0,SKCM
550,HFE,0.25,0.219585189,1.138510304,0.046297685,0.062820388,0.7444366,1,348,22,4,1,1,4,1.138510304,0,0,SKCM
551,HLCS,0.25,0.215443388,1.160397646,0.02259887,0.052689411,0.9807577,1,726,28,4,1,1,4,1.160397646,0,0,SKCM
552,HRAS,0.333333333,0.279987408,1.190529731,0.06619669,0.078553406,0.2188101,1,189,8,3,2,1,3,1.190529731,0,0,SKCM
553,INSR,0.066666667,0.067679987,0.985027776,0.044097795,0.062820388,0.8496798,1,1382,78,15,1,1,13,0.985027776,0,0,SKCM
554,IRF6,0.1,0.095260877,1.049748894,0.077746113,0.087271261,0.7570324,1,467,42,9,1,1,10,1.049748894,0,0,SKCM
555,KCNH2,0.117647059,0.076852506,1.530816167,0.00439978,0.026105361,0.7599133,1,1159,61,17,4,2,16,1.530816167,0,0,SKCM
556,KCNQ1,0.125,0.116234452,1.075412645,0.042947853,0.062820388,1,1,676,27,7,3,1,7,1.075412645,0,0,SKCM
557,KIT,0.142857143,0.137312014,1.040383418,0.02579871,0.052689411,0.9094881,1,976,77,6,2,1,6,1.040383418,0,0,SKCM
558,KRAS,0.25,0.213556887,1.170648268,0.090645468,0.096041031,0.1525201,1,189,20,4,4,1,3,1.170648268,0,0,SKCM
559,KRT5,0.083333333,0.078161324,1.066170957,0.078446078,0.087271261,0.7423818,1,590,37,11,2,1,11,1.066170957,0,0,SKCM
560,LDLR,0.2,0.128070145,1.561644211,0.002149893,0.019012686,1,1,860,43,10,3,2,8,1.561644211,0,0,SKCM
561,MAP2K2,0.666666667,0.268669282,2.481365422,0.011949403,0.046351849,0.4616029,1,400,14,2,1,1,3,2.481365422,0,1,SKCM
562,MEFV,0.05,0.04761583,1.050070953,0.100144993,0.103638423,0.7943958,1,781,59,19,4,1,18,1.050070953,0,0,SKCM
563,MLC1,0.4,0.222843486,1.794981793,0.010899455,0.046192928,0.9759211,1,377,17,4,1,1,5,1.794981793,0,0,SKCM
564,MYH7,0.041666667,0.040026528,1.040976287,0.0479976,0.062820388,1,1,1935,46,23,13,1,22,1.040976287,0,0,SKCM
565,MYOC,0.2,0.176153428,1.135373877,0.039998,0.062820388,0.9998436,1,504,8,5,3,1,5,1.135373877,0,0,SKCM
566,NF1,0.046511628,0.033027029,1.408289777,0.016149193,0.051331362,2.83E-05,0.04848498,2839,234,39,4,2,33,1.408289777,1,0,SKCM
567,NLRP3,0.03030303,0.02849465,1.063463843,0.123093845,0.124492639,1,1,1036,134,31,1,1,26,1.063463843,0,0,SKCM
568,NLRP7,0.076923077,0.077460164,0.993066281,0.057097145,0.071572478,0.9999997,1,980,73,13,1,1,11,0.993066281,0,0,SKCM
569,NPC1,0.142857143,0.091203247,1.566360268,0.0019999,0.019012686,0.9972131,1,1278,58,14,6,2,12,1.566360268,0,0,SKCM
570,NPHP4,0.142857143,0.12833932,1.113120611,0.019749013,0.052689411,0.9999999,1,1426,67,7,1,1,7,1.113120611,0,0,SKCM
571,NR3C2,0.166666667,0.103787682,1.605842456,0.003749813,0.025671793,0.9419112,1,984,59,11,3,1,12,1.605842456,0,0,SKCM
572,NRAS,0.024096386,0.016616782,1.45012343,0.068146593,0.079803247,0,0,189,13,5,1,1,83,1.45012343,1,0,SKCM
573,PIK3CA,0.428571429,0.187985431,2.279811934,1.00E-04,0.002966518,0.9999782,1,1068,85,6,13,2,7,2.279811934,0,1,SKCM
574,PIK3CD,0.166666667,0.149507403,1.114771999,0.02439878,0.052689411,0.9560603,1,1044,40,6,1,1,6,1.114771999,0,0,SKCM
575,PKHD1,0.066666667,0.063710745,1.046395964,0.01579921,0.051331362,0.9997538,1,4074,194,15,4,1,14,1.046395964,0,0,SKCM
576,POLG,0.166666667,0.147391964,1.130771734,0.020498975,0.052689411,0.4787123,1,1239,42,6,1,1,6,1.130771734,0,0,SKCM
577,PPT1,0.333333333,0.273126422,1.220436056,0.040747963,0.062820388,0.7640375,1,306,10,3,1,1,3,1.220436056,0,0,SKCM
578,PROS1,0.142857143,0.094185951,1.516756382,0.012499375,0.046351849,0.9985875,1,676,72,10,2,1,13,1.516756382,0,0,SKCM
579,PTEN,0.277777778,0.107406473,2.586229406,0.002749863,0.020394814,8.57E-12,2.02E-08,403,193,16,14,5,18,2.586229406,1,1,SKCM
580,PTPN11,0.25,0.147418933,1.695847307,0.013949303,0.047749536,0.9278498,1,597,43,6,7,1,6,1.695847307,0,0,SKCM
581,RAF1,0.142857143,0.132743378,1.076190351,0.044697765,0.062820388,0.7711434,1,648,27,7,2,1,7,1.076190351,0,0,SKCM
582,REEP1,0.2,0.176380583,1.133911661,0.080695965,0.088665937,0.7663136,1,201,12,4,1,1,5,1.133911661,0,0,SKCM
583,RET,0.058823529,0.058432161,1.006697827,0.06079696,0.073962518,0.9425352,1,1114,60,16,2,1,12,1.006697827,0,0,SKCM
584,RPE65,0.2,0.179610969,1.11351774,0.038348083,0.062820388,1,1,533,14,5,3,1,5,1.11351774,0,0,SKCM
585,RUNX2,0.142857143,0.12908726,1.106671123,0.055697215,0.070815031,0.9995132,1,521,46,7,3,1,6,1.106671123,0,0,SKCM
586,SCN4A,0.045454545,0.044923069,1.011830813,0.0479976,0.062820388,1,1,1836,94,22,3,1,19,1.011830813,0,0,SKCM
587,SCN5A,0.081081081,0.044738107,1.812349396,0.002349883,0.019012686,1,1,2016,112,35,12,3,30,1.812349396,0,0,SKCM
588,SEMA3A,0.125,0.120698252,1.035640515,0.044847758,0.062820388,0.9999985,1,771,73,8,2,1,8,1.035640515,0,0,SKCM
589,SGCA,0.4,0.228131989,1.753370943,0.009949503,0.046192928,0.9609326,1,387,19,4,1,1,5,1.753370943,0,0,SKCM
590,SLC12A3,0.166666667,0.15016313,1.109904053,0.024348783,0.052689411,0.9999972,1,1021,36,6,3,1,6,1.109904053,0,0,SKCM
591,SLC22A5,0.333333333,0.279038979,1.194576238,0.02259887,0.052689411,0.9463716,1,557,15,3,2,1,3,1.194576238,0,0,SKCM
592,SLC3A1,0.166666667,0.153270794,1.087400032,0.037648118,0.062820388,0.6796256,1,685,31,6,2,1,6,1.087400032,0,0,SKCM
593,SMOC1,0.111111111,0.105226439,1.055923893,0.084745763,0.090871962,1,1,434,32,9,1,1,8,1.055923893,0,0,SKCM
594,SQSTM1,0.25,0.207912638,1.202428107,0.03559822,0.062820388,0.9148984,1,440,22,4,1,1,4,1.202428107,0,0,SKCM
595,TERT,0.2,0.183926586,1.087390379,0.019699015,0.052689411,1,1,1132,29,5,1,1,5,1.087390379,0,0,SKCM
596,TGIF1,0.5,0.35315502,1.41580884,0.022098895,0.052689411,0.9969787,1,401,14,2,1,1,2,1.41580884,0,0,SKCM
597,TMPRSS6,0.111111111,0.100375535,1.106954108,0.047247638,0.062820388,0.9775065,1,811,36,9,3,1,8,1.106954108,0,0,SKCM
598,TP53,0.368421053,0.077605261,4.7473721,2.93E-05,0.001301893,1.11E-11,2.33E-08,393,235,28,34,8,35,4.7473721,1,1,SKCM
599,TPP1,0.25,0.210814801,1.185874989,0.030448478,0.057657755,1,1,563,31,4,1,1,4,1.185874989,0,0,SKCM
600,USH2A,0.018518519,0.013028537,1.421381225,0.0239988,0.052689411,0.9999067,1,5202,508,87,5,2,70,1.421381225,0,0,SKCM
601,VCP,0.25,0.214145501,1.167430547,0.018899055,0.052689411,0.9955648,1,806,39,4,1,1,4,1.167430547,0,0,SKCM
602,VHL,0.25,0.229040164,1.091511616,0.07279636,0.083062514,0.9687304,1,213,94,4,21,1,4,1.091511616,0,0,SKCM
603,WNT10A,0.166666667,0.150056898,1.110689804,0.058297085,0.072061675,0.6762111,1,417,21,6,1,1,6,1.110689804,0,0,SKCM
604,AARS,0.5,0.355868856,1.405011963,0.02839858,0.08730992,0.9874824,1,968,33,2,1,1,2,1.405011963,0,0,STAD
605,AKT1,0.5,0.349098295,1.432261363,0.055847208,0.09728085,0.9509114,1,480,15,2,1,1,2,1.432261363,0,0,STAD
606,ATM,0.071428571,0.071412804,1.000220794,0.05899705,0.09765029,0.563384,1,3056,193,13,1,1,11,1.000220794,0,0,STAD
607,ATP2C1,0.166666667,0.151913242,1.097117434,0.087895605,0.108179206,0.869142,1,919,41,6,1,1,6,1.097117434,0,0,STAD
608,ATP7B,0.285714286,0.164837297,1.733310909,0.004699765,0.046077696,0.8677504,1,1465,62,7,4,2,5,1.733310909,0,0,STAD
609,AUH,0.2,0.178382343,1.121187202,0.200889956,0.209624301,0.2392371,1,339,14,5,1,1,5,1.121187202,0,0,STAD
610,BRAF,0.2,0.177053969,1.129599074,0.093645318,0.112374381,0.9999371,1,766,53,5,5,1,5,1.129599074,0,0,STAD
611,CEP164,0.333333333,0.268322354,1.242286854,0.028248588,0.08730992,0.7910608,1,1460,62,3,1,1,3,1.242286854,0,0,STAD
612,COL1A2,0.153846154,0.104644386,1.470180675,0.017849108,0.081377749,0.1476492,1,1366,152,13,6,2,12,1.470180675,0,0,STAD
613,CTNNB1,0.2,0.128590729,1.55532208,0.01679916,0.081377749,0.002164746,0.4209428,781,61,9,5,1,8,1.55532208,0,0,STAD
614,CTSF,0.333333333,0.267815136,1.244639635,0.08519574,0.10812091,0.6284012,1,484,23,3,1,1,3,1.244639635,0,0,STAD
615,CYP1B1,0.5,0.344003035,1.453475549,0.050297485,0.09728085,0.9788296,1,543,18,2,2,1,2,1.453475549,0,0,STAD
616,EDNRB,0.111111111,0.10223083,1.086865006,0.252387381,0.252387381,7.52E-06,0.004572697,442,43,8,1,1,8,1.086865006,1,0,STAD
617,EFEMP1,0.333333333,0.268145507,1.243106165,0.084095795,0.10812091,0.7550091,1,493,30,3,1,1,2,1.243106165,0,0,STAD
618,FBN1,0.083333333,0.079782369,1.044508139,0.056747163,0.09728085,0.3566713,1,2871,180,12,7,1,9,1.044508139,0,0,STAD
619,FECH,0.333333333,0.276488298,1.205596531,0.100044998,0.117125851,0.706701,1,423,24,3,1,1,3,1.205596531,0,0,STAD
620,FGFR1,0.142857143,0.125215591,1.140889418,0.115344233,0.13182198,0.8218697,1,822,40,7,1,1,6,1.140889418,0,0,STAD
621,GAA,0.5,0.351202353,1.423680665,0.029298535,0.08730992,0.9996903,1,952,26,2,3,1,2,1.423680665,0,0,STAD
622,GJA1,0.25,0.152313603,1.641350439,0.08559572,0.10812091,0.9999474,1,382,33,8,3,2,7,1.641350439,0,0,STAD
623,HSF4,0.5,0.357237482,1.399629168,0.056747163,0.09728085,0.7626072,1,492,12,2,1,1,2,1.399629168,0,0,STAD
624,KRAS,0.739130435,0.093275396,7.924173626,0.01319934,0.07919604,0,0,189,20,5,4,2,23,7.924173626,1,0,STAD
625,LDLR,0.333333333,0.271333865,1.22849882,0.048647568,0.09728085,0.9282619,1,860,43,3,3,1,3,1.22849882,0,0,STAD
626,LPIN2,0.2,0.179716048,1.112866672,0.076046198,0.10812091,0.9999931,1,896,46,5,1,1,5,1.112866672,0,0,STAD
627,MEFV,0.5,0.353296715,1.415241012,0.035348233,0.08730992,0.6450015,1,781,59,2,4,1,2,1.415241012,0,0,STAD
628,MFSD8,0.5,0.352880326,1.416910956,0.056297185,0.09728085,0.206909,1,518,33,2,1,1,2,1.416910956,0,0,STAD
629,MOCS1,0.25,0.225942581,1.106475807,0.085295735,0.10812091,0.198133,1,636,24,4,1,1,3,1.106475807,0,0,STAD
630,NOTCH3,0.25,0.150465369,1.66151189,0.002299885,0.04559772,0.9968647,1,2321,114,8,4,2,6,1.66151189,0,0,STAD
631,NPC1,0.142857143,0.129846467,1.100200461,0.072496375,0.10812091,0.913864,1,1278,58,7,6,1,5,1.100200461,0,0,STAD
632,PEX16,0.2,0.177248348,1.128360303,0.197440128,0.209624301,0.282743,1,336,15,5,1,1,5,1.128360303,0,0,STAD
633,PIK3CA,0.64,0.066811707,9.57915952,4.33E-05,0.002077472,0,0,1068,85,18,13,7,41,9.57915952,1,1,STAD
634,PROS1,0.25,0.211966666,1.179430733,0.08079596,0.10812091,0.7113314,1,676,72,4,2,1,3,1.179430733,0,0,STAD
635,PTEN,0.142857143,0.13354269,1.069748881,0.238688066,0.243766535,5.96E-07,0.000562223,403,193,7,14,1,6,1.069748881,1,0,STAD
636,PTPN11,0.5,0.246779051,2.026103911,0.007299635,0.05725428,0.9928842,1,597,43,4,7,2,4,2.026103911,0,1,STAD
637,RAF1,0.5,0.198901373,2.51380869,0.00479976,0.046077696,0.5133693,1,648,27,5,2,2,5,2.51380869,0,1,STAD
638,RRM2B,0.5,0.362698981,1.37855364,0.073696315,0.10812091,0.8048387,1,351,14,2,1,1,2,1.37855364,0,0,STAD
639,SDHA,0.25,0.21289613,1.17428156,0.08319584,0.10812091,0.9942827,1,664,36,4,1,1,4,1.17428156,0,0,STAD
640,SDHB,0.333333333,0.277611362,1.200719349,0.15059247,0.164282695,0.6002567,1,280,12,3,1,1,3,1.200719349,0,0,STAD
641,SMAD4,0.555555556,0.162843254,3.411596995,0.026248688,0.08730992,1.78E-08,2.58E-05,552,55,5,1,1,8,3.411596995,1,0,STAD
642,SPRY4,0.333333333,0.269207118,1.23820401,0.13879306,0.154931788,0.4803861,1,299,16,3,1,1,3,1.23820401,0,0,STAD
643,TCF4,0.5,0.353717565,1.413557168,0.03819809,0.08730992,0.5891208,1,667,54,2,1,1,2,1.413557168,0,0,STAD
644,TP53,0.589041096,0.058742607,10.02749324,0.002849858,0.04559772,1.89E-15,3.96E-12,393,235,38,34,14,69,10.02749324,1,1,STAD
645,VCP,0.5,0.361720668,1.382282086,0.035448228,0.08730992,0.8715067,1,806,39,2,1,1,2,1.382282086,0,0,STAD
646,RNF43,NA,NA,NA,NA,NA,0,0,NA,NA,NA,NA,NA,NA,NA,1,0,STAD
647,XYLT2,NA,NA,NA,NA,NA,6.66E-16,1.79E-12,NA,NA,NA,NA,NA,NA,NA,1,0,STAD
648,ARID1A,NA,NA,NA,NA,NA,1.22E-15,2.88E-12,NA,NA,NA,NA,NA,NA,NA,1,0,STAD
649,B2M,NA,NA,NA,NA,NA,5.88E-15,1.11E-11,NA,NA,NA,NA,NA,NA,NA,1,0,STAD
650,LMAN1,NA,NA,NA,NA,NA,3.59E-11,6.15E-08,NA,NA,NA,NA,NA,NA,NA,1,0,STAD
651,LARP4B,NA,NA,NA,NA,NA,2.71E-10,4.26E-07,NA,NA,NA,NA,NA,NA,NA,1,0,STAD
652,BZRAP1,NA,NA,NA,NA,NA,4.92E-08,6.62E-05,NA,NA,NA,NA,NA,NA,NA,1,0,STAD
653,CDH1,NA,NA,NA,NA,NA,1.81E-07,0.00021307,NA,NA,NA,NA,NA,NA,NA,1,0,STAD
654,ZNF43,NA,NA,NA,NA,NA,1.12E-06,0.000962146,NA,NA,NA,NA,NA,NA,NA,1,0,STAD
655,HLA-A,NA,NA,NA,NA,NA,1.93E-06,0.001583708,NA,NA,NA,NA,NA,NA,NA,1,0,STAD
656,APC,NA,NA,NA,NA,NA,2.26E-06,0.001774077,NA,NA,NA,NA,NA,NA,NA,1,0,STAD
657,PLEKHA6,NA,NA,NA,NA,NA,2.62E-06,0.001898366,NA,NA,NA,NA,NA,NA,NA,1,0,STAD
658,HLA-C,NA,NA,NA,NA,NA,5.87E-06,0.003818932,NA,NA,NA,NA,NA,NA,NA,1,0,STAD
659,JARID2,NA,NA,NA,NA,NA,6.75E-06,0.004244972,NA,NA,NA,NA,NA,NA,NA,1,0,STAD
660,CTCF,NA,NA,NA,NA,NA,1.02E-05,0.005968996,NA,NA,NA,NA,NA,NA,NA,1,0,STAD
661,CASP8,NA,NA,NA,NA,NA,1.04E-05,0.005968996,NA,NA,NA,NA,NA,NA,NA,1,0,STAD
662,CD4,NA,NA,NA,NA,NA,1.20E-05,0.006639376,NA,NA,NA,NA,NA,NA,NA,1,0,STAD
663,FBXW7,NA,NA,NA,NA,NA,2.44E-05,0.0128058,NA,NA,NA,NA,NA,NA,NA,1,0,STAD
664,DCLK1,NA,NA,NA,NA,NA,3.40E-05,0.01685773,NA,NA,NA,NA,NA,NA,NA,1,0,STAD
665,PAFAH1B1,NA,NA,NA,NA,NA,6.27E-05,0.02956967,NA,NA,NA,NA,NA,NA,NA,1,0,STAD
666,ZBTB20,NA,NA,NA,NA,NA,7.69E-05,0.03539169,NA,NA,NA,NA,NA,NA,NA,1,0,STAD
667,DTNBP1,NA,NA,NA,NA,NA,9.30E-05,0.04176737,NA,NA,NA,NA,NA,NA,NA,1,0,STAD
668,BRAF,1,0,Inf,0.01639918,0.106644668,0,0,766,53,2,5,2,235,4.524395864,1,0,THCA
669,KRAS,0.25,0.221023984,1.131098966,0.515224239,0.515224239,0.001933829,1,189,20,2,4,1,4,1.131098966,0,0,THCA
670,PIK3CA,0.5,0.348366343,1.435270685,0.090745463,0.156067197,0.192271,1,1068,85,2,13,1,2,1.435270685,0,0,THCA
671,TSHR,0.5,0.355823848,1.405189684,0.12959352,0.16662024,0.3394506,1,764,47,2,1,1,2,1.405189684,0,0,THCA
672,HRAS,NA,NA,NA,NA,NA,0,0,NA,NA,NA,NA,NA,NA,NA,1,0,THCA
673,NRAS,NA,NA,NA,NA,NA,0,0,NA,NA,NA,NA,NA,NA,NA,1,0,THCA
674,SVOPL,NA,NA,NA,NA,NA,0,0,NA,NA,NA,NA,NA,NA,NA,1,0,THCA
675,ABCA12,0.018181818,0.018385239,0.988935627,0.07839608,0.087843031,0.7937253,1,2595,169,51,3,1,24,0.988935627,0,0,UCEC
676,ABCA1,0.034482759,0.033569328,1.027210271,0.054497275,0.075729547,0.5873616,1,2261,111,29,2,1,18,1.027210271,0,0,UCEC
677,ABCA4,0.111111111,0.062157821,1.787564445,0.000249988,0.004499775,0.9981802,1,2273,131,25,8,2,18,1.787564445,0,0,UCEC
678,ABCC6,0.071428571,0.066346445,1.076599822,0.033848308,0.075729547,0.2920474,1,1503,50,13,4,1,12,1.076599822,0,0,UCEC
679,ABCC9,0.071428571,0.048823765,1.462987775,0.00679966,0.033380149,0.9181573,1,1549,152,25,2,1,15,1.462987775,0,0,UCEC
680,ACADVL,0.333333333,0.150445813,2.21563716,0.000499975,0.0077139,0.2824269,1,655,22,8,2,2,7,2.21563716,0,1,UCEC
681,ACTA2,0.142857143,0.134048459,1.065712682,0.073546323,0.086336987,0.5450912,1,377,23,7,2,1,7,1.065712682,0,0,UCEC
682,ACTN1,0.111111111,0.104378376,1.064503156,0.036448178,0.075729547,0.6789942,1,892,31,8,2,1,8,1.064503156,0,0,UCEC
683,ACVR1,0.363636364,0.144598445,2.514801339,0.001249938,0.012762998,0.766151,1,509,30,9,2,2,10,2.514801339,0,1,UCEC
684,ADCK4,0.142857143,0.140742536,1.015024644,0.053447328,0.075729547,0.7145601,1,544,28,7,1,1,6,1.015024644,0,0,UCEC
685,ADSL,0.25,0.152842602,1.63566962,0.004249788,0.02699865,0.2843866,1,484,30,8,4,2,7,1.63566962,0,0,UCEC
686,ALDH1A3,0.125,0.116313211,1.074684454,0.06459677,0.08305299,0.3835007,1,512,25,8,1,1,7,1.074684454,0,0,UCEC
687,APP,0.055555556,0.053477889,1.038850952,0.086945653,0.092271857,0.2557138,1,770,41,17,1,1,14,1.038850952,0,0,UCEC
688,ATP1A2,0.038461538,0.036667644,1.048923091,0.103894805,0.105855085,0.5589139,1,1020,65,26,1,1,17,1.048923091,0,0,UCEC
689,ATP1A3,0.133333333,0.085290008,1.56329371,0.010299485,0.045573721,0.9842193,1,1013,64,14,3,2,13,1.56329371,0,0,UCEC
690,BAG3,0.166666667,0.159770491,1.043163009,0.042647868,0.075729547,0.5252782,1,575,22,6,1,1,6,1.043163009,0,0,UCEC
691,BCKDHA,0.2,0.175798593,1.137665536,0.0439978,0.075729547,1,1,445,17,5,1,1,3,1.137665536,0,0,UCEC
692,BCS1L,0.5,0.357571822,1.398320477,0.02039898,0.068846558,1,1,419,14,2,1,1,2,1.398320477,0,0,UCEC
693,BMPR2,0.083333333,0.077132314,1.080394574,0.04359782,0.075729547,0.4760794,1,1038,51,11,1,1,8,1.080394574,0,0,UCEC
694,BRAF,0.1,0.094492162,1.058288829,0.047047648,0.075729547,0.008912155,0.8181436,766,53,9,5,1,7,1.058288829,0,0,UCEC
695,BRCA1,0.058823529,0.057984477,1.014470294,0.036848158,0.075729547,0.5136469,1,1863,100,17,1,1,12,1.014470294,0,0,UCEC
696,BRCA2,0.016949153,0.017040312,0.994650344,0.065946703,0.083130727,0.1894721,1,3418,187,57,1,1,24,0.994650344,0,0,UCEC
697,CACNA1H,0.083333333,0.077174435,1.079804906,0.019499025,0.067932087,0.9868746,1,2353,70,11,1,1,11,1.079804906,0,0,UCEC
698,CAPN3,0.272727273,0.131736774,2.070244046,1.00E-04,0.002699865,0.5855007,1,821,46,11,5,3,8,2.070244046,0,1,UCEC
699,CBS,0.1,0.095855037,1.043241991,0.072146393,0.08562429,0.7092508,1,551,26,10,3,1,8,1.043241991,0,0,UCEC
700,CDT1,0.333333333,0.277939693,1.199300936,0.021748913,0.071178259,0.9436823,1,546,10,3,1,1,2,1.199300936,0,0,UCEC
701,CHST6,0.166666667,0.149933344,1.111605075,0.061696915,0.081259352,0.9361544,1,395,29,6,1,1,5,1.111605075,0,0,UCEC
702,CLCN7,0.125,0.116434171,1.073567995,0.041447928,0.075729547,0.9536736,1,805,26,8,1,1,7,1.073567995,0,0,UCEC
703,COL1A2,0.041666667,0.041829657,0.996103474,0.070746463,0.08562429,0.9948202,1,1366,152,24,6,1,17,0.996103474,0,0,UCEC
704,CPOX,0.166666667,0.154360399,1.079724256,0.05279736,0.075729547,0.8328931,1,454,19,6,1,1,6,1.079724256,0,0,UCEC
705,CPS1,0.12,0.065410092,1.8345793,0.00119994,0.012762998,0.8173219,1,1500,150,22,8,2,11,1.8345793,0,0,UCEC
706,CRB1,0.04,0.038767808,1.031783895,0.069546523,0.08562429,0.9999977,1,1406,114,25,4,1,13,1.031783895,0,0,UCEC
707,CTNNB1,0.7875,0.045960273,17.13436286,0,0,0,0,781,61,20,5,5,74,17.13436286,1,1,UCEC
708,CYBA,0.5,0.350169414,1.427880277,0.041497925,0.075729547,0.5119879,1,195,3,2,1,1,2,1.427880277,0,0,UCEC
709,DARS,0.142857143,0.135514955,1.054179907,0.05679716,0.075729547,0.8674947,1,501,27,7,1,1,5,1.054179907,0,0,UCEC
710,DBH,0.111111111,0.104872342,1.059489177,0.05679716,0.075729547,1,1,617,38,9,1,1,7,1.059489177,0,0,UCEC
711,EARS2,0.4,0.220730519,1.812164453,0.001299935,0.012762998,0.8741182,1,523,15,5,2,2,5,1.812164453,0,0,UCEC
712,ELAC2,0.125,0.116832184,1.069910671,0.038298085,0.075729547,0.8741815,1,826,28,8,1,1,7,1.069910671,0,0,UCEC
713,ERCC4,0.083333333,0.083217972,1.001386261,0.047747613,0.075729547,0.4399772,1,916,42,11,2,1,12,1.001386261,0,0,UCEC
714,EXT2,0.2,0.178082209,1.123076813,0.027498625,0.075729547,0.7226693,1,718,31,5,1,1,5,1.123076813,0,0,UCEC
715,F7,0.5,0.35300937,1.416392997,0.018699065,0.067932087,0.9302697,1,466,18,2,2,1,2,1.416392997,0,0,UCEC
716,FGFR2,0.5,0.087629592,5.705835084,4.98E-05,0.001791401,2.04E-06,0.001540707,821,70,17,5,3,31,5.705835084,1,1,UCEC
717,GALC,0.142857143,0.127487206,1.120560622,0.035298235,0.075729547,0.9951737,1,685,21,6,2,1,6,1.120560622,0,0,UCEC
718,GALT,0.333333333,0.280016206,1.19040729,0.02779861,0.075729547,1,1,379,18,3,1,1,3,1.19040729,0,0,UCEC
719,GAN,0.5,0.210398605,2.376441608,0.000149993,0.003239838,0.613581,1,597,28,6,3,3,5,2.376441608,0,1,UCEC
720,GATA6,0.25,0.215278383,1.161287057,0.026048698,0.075729547,0.7366982,1,595,15,4,1,1,4,1.161287057,0,0,UCEC
721,GCDH,0.166666667,0.149036781,1.118292183,0.053547323,0.075729547,0.4408565,1,438,29,6,2,1,6,1.118292183,0,0,UCEC
722,GFAP,0.142857143,0.129346536,1.10445279,0.046247688,0.075729547,0.9995949,1,432,11,5,1,1,6,1.10445279,0,0,UCEC
723,GJA1,0.2,0.18620449,1.074087955,0.052947353,0.075729547,0.8511771,1,382,33,5,3,1,5,1.074087955,0,0,UCEC
724,GJA3,0.2,0.186302089,1.073525266,0.04659767,0.075729547,0.6531549,1,435,8,5,1,1,4,1.073525266,0,0,UCEC
725,GNAO1,0.142857143,0.133685568,1.068605574,0.07839608,0.087843031,0.8255136,1,354,24,7,1,1,6,1.068605574,0,0,UCEC
726,HMBS,0.125,0.118555007,1.054362892,0.08959552,0.09230967,0.5802995,1,361,16,8,2,1,4,1.054362892,0,0,UCEC
727,HNF1A,0.166666667,0.152515609,1.092784323,0.031898405,0.075729547,0.2051785,1,631,32,5,3,1,6,1.092784323,0,0,UCEC
728,HSD17B3,0.166666667,0.150215709,1.109515562,0.07519624,0.087324666,0.2131222,1,310,13,6,1,1,6,1.109515562,0,0,UCEC
729,IDUA,0.2,0.1795695,1.113774892,0.0299985,0.075729547,0.9102241,1,653,20,5,1,1,5,1.113774892,0,0,UCEC
730,IYD,0.166666667,0.147597733,1.129195305,0.08279586,0.089959502,0.829209,1,289,15,6,1,1,4,1.129195305,0,0,UCEC
731,KCNE2,0.166666667,0.154185299,1.080950439,0.16479176,0.16633187,0.3689978,1,123,8,5,1,1,6,1.080950439,0,0,UCEC
732,KCNH2,0.133333333,0.085675423,1.556261167,0.00239988,0.01851336,0.5518099,1,1159,61,15,4,2,10,1.556261167,0,0,UCEC
733,KCNK3,0.111111111,0.108882329,1.020469642,0.089745513,0.09230967,0.3411634,1,394,15,9,1,1,7,1.020469642,0,0,UCEC
734,KCNQ1,0.2,0.170359215,1.17398991,0.03079846,0.075729547,0.9931874,1,676,27,5,3,1,5,1.17398991,0,0,UCEC
735,KIF22,0.2,0.178108289,1.122912366,0.0299985,0.075729547,1,1,665,20,5,1,1,3,1.122912366,0,0,UCEC
736,KMT2D,0.035714286,0.026190568,1.363631604,0.002249888,0.01851336,NA,1,5537,336,55,3,2,32,1.363631604,0,0,UCEC
737,KRAS,0.849056604,0.050378394,16.85358602,0.000699965,0.009449528,4.44E-16,1.68E-12,189,20,8,4,2,53,16.85358602,1,1,UCEC
738,LPL,0.125,0.08363251,1.494634083,0.01699915,0.06556815,0.1319173,1,475,42,16,2,2,12,1.494634083,0,0,UCEC
739,MAN2B1,0.076923077,0.072752092,1.057331483,0.051097445,0.075729547,0.8124178,1,1011,47,13,1,1,12,1.057331483,0,0,UCEC
740,MCCC2,0.2,0.179421828,1.114691578,0.034348283,0.075729547,0.6342647,1,563,23,5,1,1,5,1.114691578,0,0,UCEC
741,MEFV,0.2,0.175987533,1.13644414,0.024648768,0.075729547,0.9570725,1,781,59,5,4,1,5,1.13644414,0,0,UCEC
742,MPI,0.2,0.172179109,1.161581105,0.0499975,0.075729547,0.7989752,1,423,17,5,3,1,4,1.161581105,0,0,UCEC
743,MTHFR,0.222222222,0.13786393,1.611895308,0.011549423,0.04619769,0.4086501,1,656,30,7,1,1,8,1.611895308,0,0,UCEC
744,MYBPC3,0.076923077,0.075362589,1.020706406,0.041497925,0.075729547,0.5258466,1,1274,33,13,1,1,11,1.020706406,0,0,UCEC
745,MYH3,0.033333333,0.033987557,0.980751078,0.054547273,0.075729547,0.9638169,1,1940,103,27,1,1,16,0.980751078,0,0,UCEC
746,NF1,0.026315789,0.025900843,1.01602057,0.04719764,0.075729547,0.5541952,1,2839,234,33,4,1,20,1.01602057,0,0,UCEC
747,NSD1,0.027777778,0.027048256,1.026971122,0.05419729,0.075729547,0.4824187,1,2696,145,36,2,1,24,1.026971122,0,0,UCEC
748,PIK3R1,0.010869565,0.010787302,1.007625892,0.308984551,0.308984551,9.99E-16,2.69E-12,724,96,56,1,1,63,1.007625892,1,0,UCEC
749,PIK3R2,0.285714286,0.167781161,1.702898494,0.005099745,0.028988024,0.6074933,1,728,32,6,1,1,7,1.702898494,0,0,UCEC
750,PKD1,0.076923077,0.071984002,1.068613514,0.010549473,0.045573721,0.9999915,1,4303,84,12,1,1,8,1.068613514,0,0,UCEC
751,PKLR,0.166666667,0.152529464,1.092685059,0.0439978,0.075729547,0.2819456,1,574,18,6,3,1,6,1.092685059,0,0,UCEC
752,PLCB4,0.052631579,0.051628823,1.01942241,0.062496875,0.081321235,0.9887531,1,1175,119,18,1,1,10,1.01942241,0,0,UCEC
753,PLCE1,0.051282051,0.034235895,1.497903054,0.001899905,0.017099145,0.8020939,1,2302,148,38,1,1,22,1.497903054,0,0,UCEC
754,PMM2,0.333333333,0.191220303,1.743190074,0.010099495,0.045573721,0.2162044,1,246,9,6,3,2,6,1.743190074,0,0,UCEC
755,POLE,0.042553191,0.029638011,1.435764086,0.004899755,0.028988024,0.9996561,1,2286,120,35,1,1,27,1.435764086,0,0,UCEC
756,PRF1,0.125,0.116583451,1.072193341,0.039748013,0.075729547,0.8600496,1,555,29,6,1,1,7,1.072193341,0,0,UCEC
757,PROC,0.2,0.174203292,1.148083932,0.043097845,0.075729547,1,1,461,16,5,2,1,4,1.148083932,0,0,UCEC
758,PRPH2,0.142857143,0.130245548,1.096829377,0.078896055,0.087843031,1,1,346,21,7,1,1,5,1.096829377,0,0,UCEC
759,PTEN,0.293650794,0.029653836,9.902624143,0.027448628,0.075729547,2.00E-15,3.77E-12,403,193,121,14,11,161,9.902624143,1,0,UCEC
760,RUNX2,0.090909091,0.081579261,1.114365216,0.087145643,0.092271857,0.02579026,1,521,46,11,3,1,7,1.114365216,0,0,UCEC
761,RYR2,0.00877193,0.008717478,1.006246228,0.088645568,0.09230967,0.8200026,1,4967,623,109,4,1,40,1.006246228,0,0,UCEC
762,SCN2A,0.054054054,0.037537028,1.440019553,0.005649718,0.02982708,0.9929129,1,2005,136,37,4,2,16,1.440019553,0,0,UCEC
763,SCN5A,0.090909091,0.059187885,1.535940869,0.00359982,0.024298785,0.8771005,1,2016,112,20,12,1,16,1.535940869,0,0,UCEC
764,SDHA,0.071428571,0.070145199,1.018295943,0.083295835,0.089959502,0.543676,1,664,36,14,1,1,11,1.018295943,0,0,UCEC
765,SDHB,0.5,0.3669041,1.362753918,0.029698515,0.075729547,0.5748501,1,280,12,2,1,1,2,1.362753918,0,0,UCEC
766,SEC23B,0.2,0.12668579,1.57870903,0.01139943,0.04619769,0.859375,1,767,40,9,2,2,9,1.57870903,0,0,UCEC
767,SLC12A3,0.2,0.178257611,1.121971731,0.018949053,0.067932087,0.9840334,1,1021,36,5,3,1,4,1.121971731,0,0,UCEC
768,SLC26A4,0.071428571,0.068962728,1.035756171,0.069896505,0.08562429,0.9416227,1,780,37,14,1,1,11,1.035756171,0,0,UCEC
769,SLC30A2,0.333333333,0.273755462,1.217631716,0.039248038,0.075729547,0.2952494,1,323,9,3,1,1,3,1.217631716,0,0,UCEC
770,SLC45A2,0.090909091,0.088867744,1.022970613,0.08099595,0.089260843,0.6218534,1,530,37,11,2,1,10,1.022970613,0,0,UCEC
771,SLC7A9,0.111111111,0.10445643,1.063707724,0.06619669,0.083130727,0.9648804,1,487,25,8,2,1,7,1.063707724,0,0,UCEC
772,SOS1,0.153846154,0.101996582,1.508346172,0.00579971,0.02982708,0.9555563,1,1333,77,10,5,1,12,1.508346172,0,0,UCEC
773,STAT1,0.066666667,0.063062396,1.057154044,0.076246188,0.087602003,0.6870818,1,750,52,14,1,1,13,1.057154044,0,0,UCEC
774,TGFBR2,0.166666667,0.150176925,1.109802103,0.044247788,0.075729547,0.9843783,1,567,46,6,3,1,6,1.109802103,0,0,UCEC
775,THRB,0.25,0.222171775,1.125255445,0.034098295,0.075729547,0.8904473,1,461,29,4,1,1,3,1.125255445,0,0,UCEC
776,TP53,0.666666667,0.055539871,12.00338882,0,0,0,0,393,235,40,34,19,67,12.00338882,1,1,UCEC
777,TP63,0.076923077,0.074368293,1.034353128,0.07179641,0.08562429,0.3857044,1,680,70,12,2,1,12,1.034353128,0,0,UCEC
778,TPM1,0.333333333,0.265603277,1.255004597,0.042497875,0.075729547,1,1,284,16,3,2,1,3,1.255004597,0,0,UCEC
779,VDR,0.142857143,0.136494667,1.046613368,0.04519774,0.075729547,0.8359239,1,427,21,5,1,1,5,1.046613368,0,0,UCEC
780,VHL,0.333333333,0.272475113,1.223353318,0.05619719,0.075729547,0.3093559,1,213,94,3,21,1,3,1.223353318,0,0,UCEC
781,ZAP70,0.111111111,0.103711747,1.071345476,0.05659717,0.075729547,0.8737838,1,619,34,9,1,1,7,1.071345476,0,0,UCEC
782,ARID1A,NA,NA,NA,NA,NA,0,0,NA,NA,NA,NA,NA,NA,NA,1,0,UCEC
783,PIK3CA,NA,NA,NA,NA,NA,7.77E-16,2.44E-12,NA,NA,NA,NA,NA,NA,NA,1,0,UCEC
784,CTCF,NA,NA,NA,NA,NA,1.89E-15,3.77E-12,NA,NA,NA,NA,NA,NA,NA,1,0,UCEC
785,RNF43,NA,NA,NA,NA,NA,2.22E-15,3.81E-12,NA,NA,NA,NA,NA,NA,NA,1,0,UCEC
786,RGPD3,NA,NA,NA,NA,NA,1.35E-09,1.59E-06,NA,NA,NA,NA,NA,NA,NA,1,0,UCEC
787,AP1S1,NA,NA,NA,NA,NA,6.88E-09,7.63E-06,NA,NA,NA,NA,NA,NA,NA,1,0,UCEC
788,NBPF1,NA,NA,NA,NA,NA,1.54E-07,0.000145667,NA,NA,NA,NA,NA,NA,NA,1,0,UCEC
789,JAK1,NA,NA,NA,NA,NA,5.93E-06,0.00349472,NA,NA,NA,NA,NA,NA,NA,1,0,UCEC
790,KBTBD6,NA,NA,NA,NA,NA,9.27E-06,0.005296997,NA,NA,NA,NA,NA,NA,NA,1,0,UCEC
791,CHD3,NA,NA,NA,NA,NA,1.14E-05,0.00595328,NA,NA,NA,NA,NA,NA,NA,1,0,UCEC
792,RALGAPB,NA,NA,NA,NA,NA,1.40E-05,0.006969097,NA,NA,NA,NA,NA,NA,NA,1,0,UCEC
793,TULP4,NA,NA,NA,NA,NA,1.54E-05,0.007427444,NA,NA,NA,NA,NA,NA,NA,1,0,UCEC
794,INPPL1,NA,NA,NA,NA,NA,1.78E-05,0.008190658,NA,NA,NA,NA,NA,NA,NA,1,0,UCEC
795,CCND1,NA,NA,NA,NA,NA,2.03E-05,0.00912121,NA,NA,NA,NA,NA,NA,NA,1,0,UCEC
796,NRIP1,NA,NA,NA,NA,NA,2.91E-05,0.01192565,NA,NA,NA,NA,NA,NA,NA,1,0,UCEC
797,PPP2R1A,NA,NA,NA,NA,NA,8.13E-05,0.03194994,NA,NA,NA,NA,NA,NA,NA,1,0,UCEC
798,SERPINA1,NA,NA,NA,NA,NA,8.40E-05,0.03232006,NA,NA,NA,NA,NA,NA,NA,1,0,UCEC
799,RHCE,NA,NA,NA,NA,NA,0.000103831,0.03916911,NA,NA,NA,NA,NA,NA,NA,1,0,UCEC
